case,pairs,baseline_ms,first_commit_ms,fixed_ms,fixed_over_baseline,baseline_first_call_device_mib,fixed_first_call_device_mib,fixed_torch_peak_allocated_mib,fixed_matches_cpu_1e-5
normal_30x5,150,0.8898,1.105,1.0878,1.222,4252,110,16.0,True
normal_30x10,300,1.0358,1.1802,1.1718,1.131,4252,126,32.0,True
normal_30x100,3000,1.293,2.5134,2.4433,1.89,4252,348,254.1,True
normal_100x5,500,1.2076,1.4732,1.4224,1.178,4252,148,52.8,True
normal_100x10,1000,1.1501,1.3306,1.3202,1.148,4252,200,106.0,True
normal_100x100,10000,1.3146,5.5997,5.5326,4.209,4252,348,254.2,True
normal_1x1,1,0.1781,0.1933,0.1916,1.076,4252,94,0.1,True
normal_4x4,16,0.7407,0.946,0.9444,1.275,4252,114,1.7,True
normal_8x8,64,0.8354,1.0804,1.0788,1.291,4252,114,6.8,True
normal_16x16,256,1.1144,1.2708,1.2657,1.136,4252,122,28.0,True
high_overlap_100x100,10000,1.8041,8.2791,7.9892,4.428,4252,348,254.2,True
issue1805_1x1,1,,8.9432,8.5981,,,94,0.1,True
issue1805_100x100,10000,,47.2618,44.2198,,,348,254.2,True
