variant,device,point,camera_depth,sampled_feature,sampled_mask,point_gradient_l1,camera_R_gradient_l1,camera_T_gradient_l1,feature_map_gradient_l1,mask_map_gradient_l1,gradients_finite
baseline,cpu,front,2.0,1.0838695764541626,0.562478244304657,0.8144782185554504,1.8081417083740234,0.8144782185554504,1.0,1.0,True
baseline,cpu,behind,-2.0,1.1441739797592163,0.5846956372261047,0.8557390570640564,1.9596425294876099,0.8557390570640564,1.0,1.0,True
baseline,cpu,camera_plane,0.0,1.0499999523162842,0.550000011920929,158.2608642578125,0.0,158.2608642578125,1.0,1.0,True
baseline,cpu,tiny_positive,9.999999747378752e-05,1.0499999523162842,0.550000011920929,158.2608642578125,0.015826087445020676,158.2608642578125,1.0,1.0,True
baseline,cuda:0,front,2.0,1.0838695764541626,0.562478244304657,0.8144781589508057,1.8081414699554443,0.8144781589508057,1.0,1.0,True
baseline,cuda:0,behind,-2.0,1.1441739797592163,0.5846956372261047,0.8557390570640564,1.9596424102783203,0.8557390570640564,1.0,1.0,True
baseline,cuda:0,camera_plane,0.0,1.0499999523162842,0.550000011920929,158.2608642578125,0.0,158.2608642578125,1.0,1.0,True
baseline,cuda:0,tiny_positive,9.999999747378752e-05,1.0499999523162842,0.550000011920929,158.2608642578125,0.015826087445020676,158.2608642578125,1.0,1.0,True
baseline,cuda:1,front,2.0,1.0838695764541626,0.562478244304657,0.8144781589508057,1.8081414699554443,0.8144781589508057,1.0,1.0,True
baseline,cuda:1,behind,-2.0,1.1441739797592163,0.5846956372261047,0.8557390570640564,1.9596424102783203,0.8557390570640564,1.0,1.0,True
baseline,cuda:1,camera_plane,0.0,1.0499999523162842,0.550000011920929,158.2608642578125,0.0,158.2608642578125,1.0,1.0,True
baseline,cuda:1,tiny_positive,9.999999747378752e-05,1.0499999523162842,0.550000011920929,158.2608642578125,0.015826087445020676,158.2608642578125,1.0,1.0,True
