label,device,case,batch1,batch2,eps,accepted,expected_accepted,native_called,status,aggregate_abs_max,face_residual_abs_max,volume_0_0,iou_0_0,error
after,cpu,single/batch1/first,1,1,0.0001,False,False,False,PASS,0.25,0.25,,,Plane vertices are not coplanar
after,cpu,single/batch1/second,1,1,0.0001,False,False,False,PASS,0.25,0.25,,,Plane vertices are not coplanar
after,cpu,single/batch3/first,3,1,0.0001,False,False,False,PASS,0.25,0.25,,,Plane vertices are not coplanar
after,cpu,single/batch3/second,1,3,0.0001,False,False,False,PASS,0.25,0.25,,,Plane vertices are not coplanar
after,cpu,cancel/batch1/first,1,1,0.0001,False,False,False,PASS,0.0,0.25,,,Plane vertices are not coplanar
after,cpu,cancel/batch1/second,1,1,0.0001,False,False,False,PASS,0.0,0.25,,,Plane vertices are not coplanar
after,cpu,cancel/batch3/first,3,1,0.0001,False,False,False,PASS,0.0,0.25,,,Plane vertices are not coplanar
after,cpu,cancel/batch3/second,1,3,0.0001,False,False,False,PASS,0.0,0.25,,,Plane vertices are not coplanar
after,cpu,threshold/0.5,1,1,0.0009765625,True,True,False,PASS,0.00048828125,0.00048828125,,,
after,cpu,threshold-multi/0.5,1,1,0.0009765625,True,True,False,PASS,0.0009765625,0.00048828125,,,
after,cpu,threshold/1.0,1,1,0.0009765625,False,False,False,PASS,0.0009765625,0.0009765625,,,Plane vertices are not coplanar
after,cpu,threshold-multi/1.0,1,1,0.0009765625,False,False,False,PASS,0.001953125,0.0009765625,,,Plane vertices are not coplanar
after,cpu,threshold/2.0,1,1,0.0009765625,False,False,False,PASS,0.001953125,0.001953125,,,Plane vertices are not coplanar
after,cpu,threshold-multi/2.0,1,1,0.0009765625,False,False,False,PASS,0.00390625,0.001953125,,,Plane vertices are not coplanar
after,cpu,affine/identity,2,2,0.0001,True,True,True,PASS,0.0,0.0,0.9999998807907104,1.0,
after,cpu,affine/translation,2,2,0.0001,True,True,True,PASS,0.0,0.0,0.9999998807907104,1.0,
after,cpu,affine/rotation,2,2,0.0001,True,True,True,PASS,0.0,0.0,0.9999998807907104,1.0,
after,cpu,affine/scale,2,2,0.0001,True,True,True,PASS,0.0,0.0,3.0,1.0,
after,cpu,affine/shear,2,2,0.0001,True,True,True,PASS,2.9802322387695312e-08,8.710553167645685e-09,1.0,1.000000238418579,
after,cpu,zero/first,1,1,0.0001,False,False,False,PASS,0.0,0.0,,,Planes have zero areas
after,cpu,zero/second,1,1,0.0001,False,False,False,PASS,0.0,0.0,,,Planes have zero areas
after,cpu,issue1894/batch1,1,1,0.0001,True,True,True,PASS,0.0,0.0,172.31246948242188,1.0,
after,cpu,issue1894/batch2,2,2,0.0001,True,True,True,PASS,0.0,0.0,172.31246948242188,1.0,
after,cuda:0,single/batch1/first,1,1,0.0001,False,False,False,PASS,0.25,0.25,,,Plane vertices are not coplanar
after,cuda:0,single/batch1/second,1,1,0.0001,False,False,False,PASS,0.25,0.25,,,Plane vertices are not coplanar
after,cuda:0,single/batch3/first,3,1,0.0001,False,False,False,PASS,0.25,0.25,,,Plane vertices are not coplanar
after,cuda:0,single/batch3/second,1,3,0.0001,False,False,False,PASS,0.25,0.25,,,Plane vertices are not coplanar
after,cuda:0,cancel/batch1/first,1,1,0.0001,False,False,False,PASS,0.0,0.25,,,Plane vertices are not coplanar
after,cuda:0,cancel/batch1/second,1,1,0.0001,False,False,False,PASS,0.0,0.25,,,Plane vertices are not coplanar
after,cuda:0,cancel/batch3/first,3,1,0.0001,False,False,False,PASS,0.0,0.25,,,Plane vertices are not coplanar
after,cuda:0,cancel/batch3/second,1,3,0.0001,False,False,False,PASS,0.0,0.25,,,Plane vertices are not coplanar
after,cuda:0,threshold/0.5,1,1,0.0009765625,True,True,False,PASS,0.00048828125,0.00048828125,,,
after,cuda:0,threshold-multi/0.5,1,1,0.0009765625,True,True,False,PASS,0.0009765625,0.00048828125,,,
after,cuda:0,threshold/1.0,1,1,0.0009765625,False,False,False,PASS,0.0009765625,0.0009765625,,,Plane vertices are not coplanar
after,cuda:0,threshold-multi/1.0,1,1,0.0009765625,False,False,False,PASS,0.001953125,0.0009765625,,,Plane vertices are not coplanar
after,cuda:0,threshold/2.0,1,1,0.0009765625,False,False,False,PASS,0.001953125,0.001953125,,,Plane vertices are not coplanar
after,cuda:0,threshold-multi/2.0,1,1,0.0009765625,False,False,False,PASS,0.00390625,0.001953125,,,Plane vertices are not coplanar
after,cuda:0,affine/identity,2,2,0.0001,True,True,True,PASS,0.0,0.0,0.9999998807907104,1.0,
after,cuda:0,affine/translation,2,2,0.0001,True,True,True,PASS,0.0,0.0,0.9999998807907104,1.0,
after,cuda:0,affine/rotation,2,2,0.0001,True,True,True,PASS,0.0,0.0,0.9999998807907104,1.0,
after,cuda:0,affine/scale,2,2,0.0001,True,True,True,PASS,0.0,0.0,3.0,1.0,
after,cuda:0,affine/shear,2,2,0.0001,True,True,True,PASS,0.0,8.710553167645685e-09,1.0,1.000000238418579,
after,cuda:0,zero/first,1,1,0.0001,False,False,False,PASS,0.0,0.0,,,Planes have zero areas
after,cuda:0,zero/second,1,1,0.0001,False,False,False,PASS,0.0,0.0,,,Planes have zero areas
after,cuda:0,issue1894/batch1,1,1,0.0001,True,True,True,PASS,0.0,0.0,172.3124237060547,0.9999996423721313,
after,cuda:0,issue1894/batch2,2,2,0.0001,True,True,True,PASS,0.0,0.0,172.3124237060547,0.9999996423721313,
after,cuda:1,single/batch1/first,1,1,0.0001,False,False,False,PASS,0.25,0.25,,,Plane vertices are not coplanar
after,cuda:1,single/batch1/second,1,1,0.0001,False,False,False,PASS,0.25,0.25,,,Plane vertices are not coplanar
after,cuda:1,single/batch3/first,3,1,0.0001,False,False,False,PASS,0.25,0.25,,,Plane vertices are not coplanar
after,cuda:1,single/batch3/second,1,3,0.0001,False,False,False,PASS,0.25,0.25,,,Plane vertices are not coplanar
after,cuda:1,cancel/batch1/first,1,1,0.0001,False,False,False,PASS,0.0,0.25,,,Plane vertices are not coplanar
after,cuda:1,cancel/batch1/second,1,1,0.0001,False,False,False,PASS,0.0,0.25,,,Plane vertices are not coplanar
after,cuda:1,cancel/batch3/first,3,1,0.0001,False,False,False,PASS,0.0,0.25,,,Plane vertices are not coplanar
after,cuda:1,cancel/batch3/second,1,3,0.0001,False,False,False,PASS,0.0,0.25,,,Plane vertices are not coplanar
after,cuda:1,threshold/0.5,1,1,0.0009765625,True,True,False,PASS,0.00048828125,0.00048828125,,,
after,cuda:1,threshold-multi/0.5,1,1,0.0009765625,True,True,False,PASS,0.0009765625,0.00048828125,,,
after,cuda:1,threshold/1.0,1,1,0.0009765625,False,False,False,PASS,0.0009765625,0.0009765625,,,Plane vertices are not coplanar
after,cuda:1,threshold-multi/1.0,1,1,0.0009765625,False,False,False,PASS,0.001953125,0.0009765625,,,Plane vertices are not coplanar
after,cuda:1,threshold/2.0,1,1,0.0009765625,False,False,False,PASS,0.001953125,0.001953125,,,Plane vertices are not coplanar
after,cuda:1,threshold-multi/2.0,1,1,0.0009765625,False,False,False,PASS,0.00390625,0.001953125,,,Plane vertices are not coplanar
after,cuda:1,affine/identity,2,2,0.0001,True,True,True,PASS,0.0,0.0,0.9999998807907104,1.0,
after,cuda:1,affine/translation,2,2,0.0001,True,True,True,PASS,0.0,0.0,0.9999998807907104,1.0,
after,cuda:1,affine/rotation,2,2,0.0001,True,True,True,PASS,0.0,0.0,0.9999998807907104,1.0,
after,cuda:1,affine/scale,2,2,0.0001,True,True,True,PASS,0.0,0.0,3.0,1.0,
after,cuda:1,affine/shear,2,2,0.0001,True,True,True,PASS,0.0,8.710553167645685e-09,1.0,1.000000238418579,
after,cuda:1,zero/first,1,1,0.0001,False,False,False,PASS,0.0,0.0,,,Planes have zero areas
after,cuda:1,zero/second,1,1,0.0001,False,False,False,PASS,0.0,0.0,,,Planes have zero areas
after,cuda:1,issue1894/batch1,1,1,0.0001,True,True,True,PASS,0.0,0.0,172.3124237060547,0.9999996423721313,
after,cuda:1,issue1894/batch2,2,2,0.0001,True,True,True,PASS,0.0,0.0,172.3124237060547,0.9999996423721313,
