label,device,case,box_input,batch_index,face,signed_residual,eps
before,cpu,single/batch1/first,boxes1,0,0,0.25,0.0001
before,cpu,single/batch1/first,boxes1,0,1,0.0,0.0001
before,cpu,single/batch1/first,boxes1,0,2,0.0,0.0001
before,cpu,single/batch1/first,boxes1,0,3,0.0,0.0001
before,cpu,single/batch1/first,boxes1,0,4,0.0,0.0001
before,cpu,single/batch1/first,boxes1,0,5,0.0,0.0001
before,cpu,single/batch1/first,boxes2,0,0,0.0,0.0001
before,cpu,single/batch1/first,boxes2,0,1,0.0,0.0001
before,cpu,single/batch1/first,boxes2,0,2,0.0,0.0001
before,cpu,single/batch1/first,boxes2,0,3,0.0,0.0001
before,cpu,single/batch1/first,boxes2,0,4,0.0,0.0001
before,cpu,single/batch1/first,boxes2,0,5,0.0,0.0001
before,cpu,single/batch1/second,boxes1,0,0,0.0,0.0001
before,cpu,single/batch1/second,boxes1,0,1,0.0,0.0001
before,cpu,single/batch1/second,boxes1,0,2,0.0,0.0001
before,cpu,single/batch1/second,boxes1,0,3,0.0,0.0001
before,cpu,single/batch1/second,boxes1,0,4,0.0,0.0001
before,cpu,single/batch1/second,boxes1,0,5,0.0,0.0001
before,cpu,single/batch1/second,boxes2,0,0,0.25,0.0001
before,cpu,single/batch1/second,boxes2,0,1,0.0,0.0001
before,cpu,single/batch1/second,boxes2,0,2,0.0,0.0001
before,cpu,single/batch1/second,boxes2,0,3,0.0,0.0001
before,cpu,single/batch1/second,boxes2,0,4,0.0,0.0001
before,cpu,single/batch1/second,boxes2,0,5,0.0,0.0001
before,cpu,single/batch3/first,boxes1,0,0,0.0,0.0001
before,cpu,single/batch3/first,boxes1,0,1,0.0,0.0001
before,cpu,single/batch3/first,boxes1,0,2,0.0,0.0001
before,cpu,single/batch3/first,boxes1,0,3,0.0,0.0001
before,cpu,single/batch3/first,boxes1,0,4,0.0,0.0001
before,cpu,single/batch3/first,boxes1,0,5,0.0,0.0001
before,cpu,single/batch3/first,boxes1,1,0,0.25,0.0001
before,cpu,single/batch3/first,boxes1,1,1,0.0,0.0001
before,cpu,single/batch3/first,boxes1,1,2,0.0,0.0001
before,cpu,single/batch3/first,boxes1,1,3,0.0,0.0001
before,cpu,single/batch3/first,boxes1,1,4,0.0,0.0001
before,cpu,single/batch3/first,boxes1,1,5,0.0,0.0001
before,cpu,single/batch3/first,boxes1,2,0,0.0,0.0001
before,cpu,single/batch3/first,boxes1,2,1,0.0,0.0001
before,cpu,single/batch3/first,boxes1,2,2,0.0,0.0001
before,cpu,single/batch3/first,boxes1,2,3,0.0,0.0001
before,cpu,single/batch3/first,boxes1,2,4,0.0,0.0001
before,cpu,single/batch3/first,boxes1,2,5,0.0,0.0001
before,cpu,single/batch3/first,boxes2,0,0,0.0,0.0001
before,cpu,single/batch3/first,boxes2,0,1,0.0,0.0001
before,cpu,single/batch3/first,boxes2,0,2,0.0,0.0001
before,cpu,single/batch3/first,boxes2,0,3,0.0,0.0001
before,cpu,single/batch3/first,boxes2,0,4,0.0,0.0001
before,cpu,single/batch3/first,boxes2,0,5,0.0,0.0001
before,cpu,single/batch3/second,boxes1,0,0,0.0,0.0001
before,cpu,single/batch3/second,boxes1,0,1,0.0,0.0001
before,cpu,single/batch3/second,boxes1,0,2,0.0,0.0001
before,cpu,single/batch3/second,boxes1,0,3,0.0,0.0001
before,cpu,single/batch3/second,boxes1,0,4,0.0,0.0001
before,cpu,single/batch3/second,boxes1,0,5,0.0,0.0001
before,cpu,single/batch3/second,boxes2,0,0,0.0,0.0001
before,cpu,single/batch3/second,boxes2,0,1,0.0,0.0001
before,cpu,single/batch3/second,boxes2,0,2,0.0,0.0001
before,cpu,single/batch3/second,boxes2,0,3,0.0,0.0001
before,cpu,single/batch3/second,boxes2,0,4,0.0,0.0001
before,cpu,single/batch3/second,boxes2,0,5,0.0,0.0001
before,cpu,single/batch3/second,boxes2,1,0,0.25,0.0001
before,cpu,single/batch3/second,boxes2,1,1,0.0,0.0001
before,cpu,single/batch3/second,boxes2,1,2,0.0,0.0001
before,cpu,single/batch3/second,boxes2,1,3,0.0,0.0001
before,cpu,single/batch3/second,boxes2,1,4,0.0,0.0001
before,cpu,single/batch3/second,boxes2,1,5,0.0,0.0001
before,cpu,single/batch3/second,boxes2,2,0,0.0,0.0001
before,cpu,single/batch3/second,boxes2,2,1,0.0,0.0001
before,cpu,single/batch3/second,boxes2,2,2,0.0,0.0001
before,cpu,single/batch3/second,boxes2,2,3,0.0,0.0001
before,cpu,single/batch3/second,boxes2,2,4,0.0,0.0001
before,cpu,single/batch3/second,boxes2,2,5,0.0,0.0001
before,cpu,cancel/batch1/first,boxes1,0,0,0.25,0.0001
before,cpu,cancel/batch1/first,boxes1,0,1,0.0,0.0001
before,cpu,cancel/batch1/first,boxes1,0,2,0.0,0.0001
before,cpu,cancel/batch1/first,boxes1,0,3,0.0,0.0001
before,cpu,cancel/batch1/first,boxes1,0,4,0.0,0.0001
before,cpu,cancel/batch1/first,boxes1,0,5,-0.25,0.0001
before,cpu,cancel/batch1/first,boxes2,0,0,0.0,0.0001
before,cpu,cancel/batch1/first,boxes2,0,1,0.0,0.0001
before,cpu,cancel/batch1/first,boxes2,0,2,0.0,0.0001
before,cpu,cancel/batch1/first,boxes2,0,3,0.0,0.0001
before,cpu,cancel/batch1/first,boxes2,0,4,0.0,0.0001
before,cpu,cancel/batch1/first,boxes2,0,5,0.0,0.0001
before,cpu,cancel/batch1/second,boxes1,0,0,0.0,0.0001
before,cpu,cancel/batch1/second,boxes1,0,1,0.0,0.0001
before,cpu,cancel/batch1/second,boxes1,0,2,0.0,0.0001
before,cpu,cancel/batch1/second,boxes1,0,3,0.0,0.0001
before,cpu,cancel/batch1/second,boxes1,0,4,0.0,0.0001
before,cpu,cancel/batch1/second,boxes1,0,5,0.0,0.0001
before,cpu,cancel/batch1/second,boxes2,0,0,0.25,0.0001
before,cpu,cancel/batch1/second,boxes2,0,1,0.0,0.0001
before,cpu,cancel/batch1/second,boxes2,0,2,0.0,0.0001
before,cpu,cancel/batch1/second,boxes2,0,3,0.0,0.0001
before,cpu,cancel/batch1/second,boxes2,0,4,0.0,0.0001
before,cpu,cancel/batch1/second,boxes2,0,5,-0.25,0.0001
before,cpu,cancel/batch3/first,boxes1,0,0,0.0,0.0001
before,cpu,cancel/batch3/first,boxes1,0,1,0.0,0.0001
before,cpu,cancel/batch3/first,boxes1,0,2,0.0,0.0001
before,cpu,cancel/batch3/first,boxes1,0,3,0.0,0.0001
before,cpu,cancel/batch3/first,boxes1,0,4,0.0,0.0001
before,cpu,cancel/batch3/first,boxes1,0,5,0.0,0.0001
before,cpu,cancel/batch3/first,boxes1,1,0,0.25,0.0001
before,cpu,cancel/batch3/first,boxes1,1,1,0.0,0.0001
before,cpu,cancel/batch3/first,boxes1,1,2,0.0,0.0001
before,cpu,cancel/batch3/first,boxes1,1,3,0.0,0.0001
before,cpu,cancel/batch3/first,boxes1,1,4,0.0,0.0001
before,cpu,cancel/batch3/first,boxes1,1,5,-0.25,0.0001
before,cpu,cancel/batch3/first,boxes1,2,0,0.0,0.0001
before,cpu,cancel/batch3/first,boxes1,2,1,0.0,0.0001
before,cpu,cancel/batch3/first,boxes1,2,2,0.0,0.0001
before,cpu,cancel/batch3/first,boxes1,2,3,0.0,0.0001
before,cpu,cancel/batch3/first,boxes1,2,4,0.0,0.0001
before,cpu,cancel/batch3/first,boxes1,2,5,0.0,0.0001
before,cpu,cancel/batch3/first,boxes2,0,0,0.0,0.0001
before,cpu,cancel/batch3/first,boxes2,0,1,0.0,0.0001
before,cpu,cancel/batch3/first,boxes2,0,2,0.0,0.0001
before,cpu,cancel/batch3/first,boxes2,0,3,0.0,0.0001
before,cpu,cancel/batch3/first,boxes2,0,4,0.0,0.0001
before,cpu,cancel/batch3/first,boxes2,0,5,0.0,0.0001
before,cpu,cancel/batch3/second,boxes1,0,0,0.0,0.0001
before,cpu,cancel/batch3/second,boxes1,0,1,0.0,0.0001
before,cpu,cancel/batch3/second,boxes1,0,2,0.0,0.0001
before,cpu,cancel/batch3/second,boxes1,0,3,0.0,0.0001
before,cpu,cancel/batch3/second,boxes1,0,4,0.0,0.0001
before,cpu,cancel/batch3/second,boxes1,0,5,0.0,0.0001
before,cpu,cancel/batch3/second,boxes2,0,0,0.0,0.0001
before,cpu,cancel/batch3/second,boxes2,0,1,0.0,0.0001
before,cpu,cancel/batch3/second,boxes2,0,2,0.0,0.0001
before,cpu,cancel/batch3/second,boxes2,0,3,0.0,0.0001
before,cpu,cancel/batch3/second,boxes2,0,4,0.0,0.0001
before,cpu,cancel/batch3/second,boxes2,0,5,0.0,0.0001
before,cpu,cancel/batch3/second,boxes2,1,0,0.25,0.0001
before,cpu,cancel/batch3/second,boxes2,1,1,0.0,0.0001
before,cpu,cancel/batch3/second,boxes2,1,2,0.0,0.0001
before,cpu,cancel/batch3/second,boxes2,1,3,0.0,0.0001
before,cpu,cancel/batch3/second,boxes2,1,4,0.0,0.0001
before,cpu,cancel/batch3/second,boxes2,1,5,-0.25,0.0001
before,cpu,cancel/batch3/second,boxes2,2,0,0.0,0.0001
before,cpu,cancel/batch3/second,boxes2,2,1,0.0,0.0001
before,cpu,cancel/batch3/second,boxes2,2,2,0.0,0.0001
before,cpu,cancel/batch3/second,boxes2,2,3,0.0,0.0001
before,cpu,cancel/batch3/second,boxes2,2,4,0.0,0.0001
before,cpu,cancel/batch3/second,boxes2,2,5,0.0,0.0001
before,cpu,threshold/0.5,boxes1,0,0,0.00048828125,0.0009765625
before,cpu,threshold/0.5,boxes1,0,1,0.0,0.0009765625
before,cpu,threshold/0.5,boxes1,0,2,0.0,0.0009765625
before,cpu,threshold/0.5,boxes1,0,3,0.0,0.0009765625
before,cpu,threshold/0.5,boxes1,0,4,0.0,0.0009765625
before,cpu,threshold/0.5,boxes1,0,5,0.0,0.0009765625
before,cpu,threshold/0.5,boxes2,0,0,0.0,0.0009765625
before,cpu,threshold/0.5,boxes2,0,1,0.0,0.0009765625
before,cpu,threshold/0.5,boxes2,0,2,0.0,0.0009765625
before,cpu,threshold/0.5,boxes2,0,3,0.0,0.0009765625
before,cpu,threshold/0.5,boxes2,0,4,0.0,0.0009765625
before,cpu,threshold/0.5,boxes2,0,5,0.0,0.0009765625
before,cpu,threshold-multi/0.5,boxes1,0,0,0.00048828125,0.0009765625
before,cpu,threshold-multi/0.5,boxes1,0,1,0.0,0.0009765625
before,cpu,threshold-multi/0.5,boxes1,0,2,0.0,0.0009765625
before,cpu,threshold-multi/0.5,boxes1,0,3,0.0,0.0009765625
before,cpu,threshold-multi/0.5,boxes1,0,4,0.0,0.0009765625
before,cpu,threshold-multi/0.5,boxes1,0,5,0.00048828125,0.0009765625
before,cpu,threshold-multi/0.5,boxes2,0,0,0.0,0.0009765625
before,cpu,threshold-multi/0.5,boxes2,0,1,0.0,0.0009765625
before,cpu,threshold-multi/0.5,boxes2,0,2,0.0,0.0009765625
before,cpu,threshold-multi/0.5,boxes2,0,3,0.0,0.0009765625
before,cpu,threshold-multi/0.5,boxes2,0,4,0.0,0.0009765625
before,cpu,threshold-multi/0.5,boxes2,0,5,0.0,0.0009765625
before,cpu,threshold/1.0,boxes1,0,0,0.0009765625,0.0009765625
before,cpu,threshold/1.0,boxes1,0,1,0.0,0.0009765625
before,cpu,threshold/1.0,boxes1,0,2,0.0,0.0009765625
before,cpu,threshold/1.0,boxes1,0,3,0.0,0.0009765625
before,cpu,threshold/1.0,boxes1,0,4,0.0,0.0009765625
before,cpu,threshold/1.0,boxes1,0,5,0.0,0.0009765625
before,cpu,threshold/1.0,boxes2,0,0,0.0,0.0009765625
before,cpu,threshold/1.0,boxes2,0,1,0.0,0.0009765625
before,cpu,threshold/1.0,boxes2,0,2,0.0,0.0009765625
before,cpu,threshold/1.0,boxes2,0,3,0.0,0.0009765625
before,cpu,threshold/1.0,boxes2,0,4,0.0,0.0009765625
before,cpu,threshold/1.0,boxes2,0,5,0.0,0.0009765625
before,cpu,threshold-multi/1.0,boxes1,0,0,0.0009765625,0.0009765625
before,cpu,threshold-multi/1.0,boxes1,0,1,0.0,0.0009765625
before,cpu,threshold-multi/1.0,boxes1,0,2,0.0,0.0009765625
before,cpu,threshold-multi/1.0,boxes1,0,3,0.0,0.0009765625
before,cpu,threshold-multi/1.0,boxes1,0,4,0.0,0.0009765625
before,cpu,threshold-multi/1.0,boxes1,0,5,0.0009765625,0.0009765625
before,cpu,threshold-multi/1.0,boxes2,0,0,0.0,0.0009765625
before,cpu,threshold-multi/1.0,boxes2,0,1,0.0,0.0009765625
before,cpu,threshold-multi/1.0,boxes2,0,2,0.0,0.0009765625
before,cpu,threshold-multi/1.0,boxes2,0,3,0.0,0.0009765625
before,cpu,threshold-multi/1.0,boxes2,0,4,0.0,0.0009765625
before,cpu,threshold-multi/1.0,boxes2,0,5,0.0,0.0009765625
before,cpu,threshold/2.0,boxes1,0,0,0.001953125,0.0009765625
before,cpu,threshold/2.0,boxes1,0,1,0.0,0.0009765625
before,cpu,threshold/2.0,boxes1,0,2,0.0,0.0009765625
before,cpu,threshold/2.0,boxes1,0,3,0.0,0.0009765625
before,cpu,threshold/2.0,boxes1,0,4,0.0,0.0009765625
before,cpu,threshold/2.0,boxes1,0,5,0.0,0.0009765625
before,cpu,threshold/2.0,boxes2,0,0,0.0,0.0009765625
before,cpu,threshold/2.0,boxes2,0,1,0.0,0.0009765625
before,cpu,threshold/2.0,boxes2,0,2,0.0,0.0009765625
before,cpu,threshold/2.0,boxes2,0,3,0.0,0.0009765625
before,cpu,threshold/2.0,boxes2,0,4,0.0,0.0009765625
before,cpu,threshold/2.0,boxes2,0,5,0.0,0.0009765625
before,cpu,threshold-multi/2.0,boxes1,0,0,0.001953125,0.0009765625
before,cpu,threshold-multi/2.0,boxes1,0,1,0.0,0.0009765625
before,cpu,threshold-multi/2.0,boxes1,0,2,0.0,0.0009765625
before,cpu,threshold-multi/2.0,boxes1,0,3,0.0,0.0009765625
before,cpu,threshold-multi/2.0,boxes1,0,4,0.0,0.0009765625
before,cpu,threshold-multi/2.0,boxes1,0,5,0.001953125,0.0009765625
before,cpu,threshold-multi/2.0,boxes2,0,0,0.0,0.0009765625
before,cpu,threshold-multi/2.0,boxes2,0,1,0.0,0.0009765625
before,cpu,threshold-multi/2.0,boxes2,0,2,0.0,0.0009765625
before,cpu,threshold-multi/2.0,boxes2,0,3,0.0,0.0009765625
before,cpu,threshold-multi/2.0,boxes2,0,4,0.0,0.0009765625
before,cpu,threshold-multi/2.0,boxes2,0,5,0.0,0.0009765625
before,cpu,affine/identity,boxes1,0,0,0.0,0.0001
before,cpu,affine/identity,boxes1,0,1,0.0,0.0001
before,cpu,affine/identity,boxes1,0,2,0.0,0.0001
before,cpu,affine/identity,boxes1,0,3,0.0,0.0001
before,cpu,affine/identity,boxes1,0,4,0.0,0.0001
before,cpu,affine/identity,boxes1,0,5,0.0,0.0001
before,cpu,affine/identity,boxes1,1,0,0.0,0.0001
before,cpu,affine/identity,boxes1,1,1,0.0,0.0001
before,cpu,affine/identity,boxes1,1,2,0.0,0.0001
before,cpu,affine/identity,boxes1,1,3,0.0,0.0001
before,cpu,affine/identity,boxes1,1,4,0.0,0.0001
before,cpu,affine/identity,boxes1,1,5,0.0,0.0001
before,cpu,affine/identity,boxes2,0,0,0.0,0.0001
before,cpu,affine/identity,boxes2,0,1,0.0,0.0001
before,cpu,affine/identity,boxes2,0,2,0.0,0.0001
before,cpu,affine/identity,boxes2,0,3,0.0,0.0001
before,cpu,affine/identity,boxes2,0,4,0.0,0.0001
before,cpu,affine/identity,boxes2,0,5,0.0,0.0001
before,cpu,affine/identity,boxes2,1,0,0.0,0.0001
before,cpu,affine/identity,boxes2,1,1,0.0,0.0001
before,cpu,affine/identity,boxes2,1,2,0.0,0.0001
before,cpu,affine/identity,boxes2,1,3,0.0,0.0001
before,cpu,affine/identity,boxes2,1,4,0.0,0.0001
before,cpu,affine/identity,boxes2,1,5,0.0,0.0001
before,cpu,affine/translation,boxes1,0,0,0.0,0.0001
before,cpu,affine/translation,boxes1,0,1,0.0,0.0001
before,cpu,affine/translation,boxes1,0,2,0.0,0.0001
before,cpu,affine/translation,boxes1,0,3,0.0,0.0001
before,cpu,affine/translation,boxes1,0,4,0.0,0.0001
before,cpu,affine/translation,boxes1,0,5,0.0,0.0001
before,cpu,affine/translation,boxes1,1,0,0.0,0.0001
before,cpu,affine/translation,boxes1,1,1,0.0,0.0001
before,cpu,affine/translation,boxes1,1,2,0.0,0.0001
before,cpu,affine/translation,boxes1,1,3,0.0,0.0001
before,cpu,affine/translation,boxes1,1,4,0.0,0.0001
before,cpu,affine/translation,boxes1,1,5,0.0,0.0001
before,cpu,affine/translation,boxes2,0,0,0.0,0.0001
before,cpu,affine/translation,boxes2,0,1,0.0,0.0001
before,cpu,affine/translation,boxes2,0,2,0.0,0.0001
before,cpu,affine/translation,boxes2,0,3,0.0,0.0001
before,cpu,affine/translation,boxes2,0,4,0.0,0.0001
before,cpu,affine/translation,boxes2,0,5,0.0,0.0001
before,cpu,affine/translation,boxes2,1,0,0.0,0.0001
before,cpu,affine/translation,boxes2,1,1,0.0,0.0001
before,cpu,affine/translation,boxes2,1,2,0.0,0.0001
before,cpu,affine/translation,boxes2,1,3,0.0,0.0001
before,cpu,affine/translation,boxes2,1,4,0.0,0.0001
before,cpu,affine/translation,boxes2,1,5,0.0,0.0001
before,cpu,affine/rotation,boxes1,0,0,0.0,0.0001
before,cpu,affine/rotation,boxes1,0,1,0.0,0.0001
before,cpu,affine/rotation,boxes1,0,2,0.0,0.0001
before,cpu,affine/rotation,boxes1,0,3,0.0,0.0001
before,cpu,affine/rotation,boxes1,0,4,0.0,0.0001
before,cpu,affine/rotation,boxes1,0,5,0.0,0.0001
before,cpu,affine/rotation,boxes1,1,0,0.0,0.0001
before,cpu,affine/rotation,boxes1,1,1,0.0,0.0001
before,cpu,affine/rotation,boxes1,1,2,0.0,0.0001
before,cpu,affine/rotation,boxes1,1,3,0.0,0.0001
before,cpu,affine/rotation,boxes1,1,4,0.0,0.0001
before,cpu,affine/rotation,boxes1,1,5,0.0,0.0001
before,cpu,affine/rotation,boxes2,0,0,0.0,0.0001
before,cpu,affine/rotation,boxes2,0,1,0.0,0.0001
before,cpu,affine/rotation,boxes2,0,2,0.0,0.0001
before,cpu,affine/rotation,boxes2,0,3,0.0,0.0001
before,cpu,affine/rotation,boxes2,0,4,0.0,0.0001
before,cpu,affine/rotation,boxes2,0,5,0.0,0.0001
before,cpu,affine/rotation,boxes2,1,0,0.0,0.0001
before,cpu,affine/rotation,boxes2,1,1,0.0,0.0001
before,cpu,affine/rotation,boxes2,1,2,0.0,0.0001
before,cpu,affine/rotation,boxes2,1,3,0.0,0.0001
before,cpu,affine/rotation,boxes2,1,4,0.0,0.0001
before,cpu,affine/rotation,boxes2,1,5,0.0,0.0001
before,cpu,affine/scale,boxes1,0,0,0.0,0.0001
before,cpu,affine/scale,boxes1,0,1,0.0,0.0001
before,cpu,affine/scale,boxes1,0,2,0.0,0.0001
before,cpu,affine/scale,boxes1,0,3,0.0,0.0001
before,cpu,affine/scale,boxes1,0,4,0.0,0.0001
before,cpu,affine/scale,boxes1,0,5,0.0,0.0001
before,cpu,affine/scale,boxes1,1,0,0.0,0.0001
before,cpu,affine/scale,boxes1,1,1,0.0,0.0001
before,cpu,affine/scale,boxes1,1,2,0.0,0.0001
before,cpu,affine/scale,boxes1,1,3,0.0,0.0001
before,cpu,affine/scale,boxes1,1,4,0.0,0.0001
before,cpu,affine/scale,boxes1,1,5,0.0,0.0001
before,cpu,affine/scale,boxes2,0,0,0.0,0.0001
before,cpu,affine/scale,boxes2,0,1,0.0,0.0001
before,cpu,affine/scale,boxes2,0,2,0.0,0.0001
before,cpu,affine/scale,boxes2,0,3,0.0,0.0001
before,cpu,affine/scale,boxes2,0,4,0.0,0.0001
before,cpu,affine/scale,boxes2,0,5,0.0,0.0001
before,cpu,affine/scale,boxes2,1,0,0.0,0.0001
before,cpu,affine/scale,boxes2,1,1,0.0,0.0001
before,cpu,affine/scale,boxes2,1,2,0.0,0.0001
before,cpu,affine/scale,boxes2,1,3,0.0,0.0001
before,cpu,affine/scale,boxes2,1,4,0.0,0.0001
before,cpu,affine/scale,boxes2,1,5,0.0,0.0001
before,cpu,affine/shear,boxes1,0,0,0.0,0.0001
before,cpu,affine/shear,boxes1,0,1,-8.710553167645685e-09,0.0001
before,cpu,affine/shear,boxes1,0,2,-8.710553167645685e-09,0.0001
before,cpu,affine/shear,boxes1,0,3,0.0,0.0001
before,cpu,affine/shear,boxes1,0,4,0.0,0.0001
before,cpu,affine/shear,boxes1,0,5,0.0,0.0001
before,cpu,affine/shear,boxes1,1,0,0.0,0.0001
before,cpu,affine/shear,boxes1,1,1,-8.710553167645685e-09,0.0001
before,cpu,affine/shear,boxes1,1,2,-8.710553167645685e-09,0.0001
before,cpu,affine/shear,boxes1,1,3,0.0,0.0001
before,cpu,affine/shear,boxes1,1,4,0.0,0.0001
before,cpu,affine/shear,boxes1,1,5,0.0,0.0001
before,cpu,affine/shear,boxes2,0,0,0.0,0.0001
before,cpu,affine/shear,boxes2,0,1,-8.710553167645685e-09,0.0001
before,cpu,affine/shear,boxes2,0,2,-8.710553167645685e-09,0.0001
before,cpu,affine/shear,boxes2,0,3,0.0,0.0001
before,cpu,affine/shear,boxes2,0,4,0.0,0.0001
before,cpu,affine/shear,boxes2,0,5,0.0,0.0001
before,cpu,affine/shear,boxes2,1,0,0.0,0.0001
before,cpu,affine/shear,boxes2,1,1,-8.710553167645685e-09,0.0001
before,cpu,affine/shear,boxes2,1,2,-8.710553167645685e-09,0.0001
before,cpu,affine/shear,boxes2,1,3,0.0,0.0001
before,cpu,affine/shear,boxes2,1,4,0.0,0.0001
before,cpu,affine/shear,boxes2,1,5,0.0,0.0001
before,cpu,zero/first,boxes1,0,0,0.0,0.0001
before,cpu,zero/first,boxes1,0,1,0.0,0.0001
before,cpu,zero/first,boxes1,0,2,0.0,0.0001
before,cpu,zero/first,boxes1,0,3,0.0,0.0001
before,cpu,zero/first,boxes1,0,4,0.0,0.0001
before,cpu,zero/first,boxes1,0,5,0.0,0.0001
before,cpu,zero/first,boxes2,0,0,0.0,0.0001
before,cpu,zero/first,boxes2,0,1,0.0,0.0001
before,cpu,zero/first,boxes2,0,2,0.0,0.0001
before,cpu,zero/first,boxes2,0,3,0.0,0.0001
before,cpu,zero/first,boxes2,0,4,0.0,0.0001
before,cpu,zero/first,boxes2,0,5,0.0,0.0001
before,cpu,zero/second,boxes1,0,0,0.0,0.0001
before,cpu,zero/second,boxes1,0,1,0.0,0.0001
before,cpu,zero/second,boxes1,0,2,0.0,0.0001
before,cpu,zero/second,boxes1,0,3,0.0,0.0001
before,cpu,zero/second,boxes1,0,4,0.0,0.0001
before,cpu,zero/second,boxes1,0,5,0.0,0.0001
before,cpu,zero/second,boxes2,0,0,0.0,0.0001
before,cpu,zero/second,boxes2,0,1,0.0,0.0001
before,cpu,zero/second,boxes2,0,2,0.0,0.0001
before,cpu,zero/second,boxes2,0,3,0.0,0.0001
before,cpu,zero/second,boxes2,0,4,0.0,0.0001
before,cpu,zero/second,boxes2,0,5,0.0,0.0001
before,cpu,issue1894/batch1,boxes1,0,0,0.0,0.0001
before,cpu,issue1894/batch1,boxes1,0,1,0.0,0.0001
before,cpu,issue1894/batch1,boxes1,0,2,0.0,0.0001
before,cpu,issue1894/batch1,boxes1,0,3,0.0,0.0001
before,cpu,issue1894/batch1,boxes1,0,4,0.0,0.0001
before,cpu,issue1894/batch1,boxes1,0,5,0.0,0.0001
before,cpu,issue1894/batch1,boxes2,0,0,0.0,0.0001
before,cpu,issue1894/batch1,boxes2,0,1,0.0,0.0001
before,cpu,issue1894/batch1,boxes2,0,2,0.0,0.0001
before,cpu,issue1894/batch1,boxes2,0,3,0.0,0.0001
before,cpu,issue1894/batch1,boxes2,0,4,0.0,0.0001
before,cpu,issue1894/batch1,boxes2,0,5,0.0,0.0001
before,cpu,issue1894/batch2,boxes1,0,0,0.0,0.0001
before,cpu,issue1894/batch2,boxes1,0,1,0.0,0.0001
before,cpu,issue1894/batch2,boxes1,0,2,0.0,0.0001
before,cpu,issue1894/batch2,boxes1,0,3,0.0,0.0001
before,cpu,issue1894/batch2,boxes1,0,4,0.0,0.0001
before,cpu,issue1894/batch2,boxes1,0,5,0.0,0.0001
before,cpu,issue1894/batch2,boxes1,1,0,0.0,0.0001
before,cpu,issue1894/batch2,boxes1,1,1,0.0,0.0001
before,cpu,issue1894/batch2,boxes1,1,2,0.0,0.0001
before,cpu,issue1894/batch2,boxes1,1,3,0.0,0.0001
before,cpu,issue1894/batch2,boxes1,1,4,0.0,0.0001
before,cpu,issue1894/batch2,boxes1,1,5,0.0,0.0001
before,cpu,issue1894/batch2,boxes2,0,0,0.0,0.0001
before,cpu,issue1894/batch2,boxes2,0,1,0.0,0.0001
before,cpu,issue1894/batch2,boxes2,0,2,0.0,0.0001
before,cpu,issue1894/batch2,boxes2,0,3,0.0,0.0001
before,cpu,issue1894/batch2,boxes2,0,4,0.0,0.0001
before,cpu,issue1894/batch2,boxes2,0,5,0.0,0.0001
before,cpu,issue1894/batch2,boxes2,1,0,0.0,0.0001
before,cpu,issue1894/batch2,boxes2,1,1,0.0,0.0001
before,cpu,issue1894/batch2,boxes2,1,2,0.0,0.0001
before,cpu,issue1894/batch2,boxes2,1,3,0.0,0.0001
before,cpu,issue1894/batch2,boxes2,1,4,0.0,0.0001
before,cpu,issue1894/batch2,boxes2,1,5,0.0,0.0001
before,cuda:0,single/batch1/first,boxes1,0,0,0.25,0.0001
before,cuda:0,single/batch1/first,boxes1,0,1,0.0,0.0001
before,cuda:0,single/batch1/first,boxes1,0,2,0.0,0.0001
before,cuda:0,single/batch1/first,boxes1,0,3,0.0,0.0001
before,cuda:0,single/batch1/first,boxes1,0,4,0.0,0.0001
before,cuda:0,single/batch1/first,boxes1,0,5,0.0,0.0001
before,cuda:0,single/batch1/first,boxes2,0,0,0.0,0.0001
before,cuda:0,single/batch1/first,boxes2,0,1,0.0,0.0001
before,cuda:0,single/batch1/first,boxes2,0,2,0.0,0.0001
before,cuda:0,single/batch1/first,boxes2,0,3,0.0,0.0001
before,cuda:0,single/batch1/first,boxes2,0,4,0.0,0.0001
before,cuda:0,single/batch1/first,boxes2,0,5,0.0,0.0001
before,cuda:0,single/batch1/second,boxes1,0,0,0.0,0.0001
before,cuda:0,single/batch1/second,boxes1,0,1,0.0,0.0001
before,cuda:0,single/batch1/second,boxes1,0,2,0.0,0.0001
before,cuda:0,single/batch1/second,boxes1,0,3,0.0,0.0001
before,cuda:0,single/batch1/second,boxes1,0,4,0.0,0.0001
before,cuda:0,single/batch1/second,boxes1,0,5,0.0,0.0001
before,cuda:0,single/batch1/second,boxes2,0,0,0.25,0.0001
before,cuda:0,single/batch1/second,boxes2,0,1,0.0,0.0001
before,cuda:0,single/batch1/second,boxes2,0,2,0.0,0.0001
before,cuda:0,single/batch1/second,boxes2,0,3,0.0,0.0001
before,cuda:0,single/batch1/second,boxes2,0,4,0.0,0.0001
before,cuda:0,single/batch1/second,boxes2,0,5,0.0,0.0001
before,cuda:0,single/batch3/first,boxes1,0,0,0.0,0.0001
before,cuda:0,single/batch3/first,boxes1,0,1,0.0,0.0001
before,cuda:0,single/batch3/first,boxes1,0,2,0.0,0.0001
before,cuda:0,single/batch3/first,boxes1,0,3,0.0,0.0001
before,cuda:0,single/batch3/first,boxes1,0,4,0.0,0.0001
before,cuda:0,single/batch3/first,boxes1,0,5,0.0,0.0001
before,cuda:0,single/batch3/first,boxes1,1,0,0.25,0.0001
before,cuda:0,single/batch3/first,boxes1,1,1,0.0,0.0001
before,cuda:0,single/batch3/first,boxes1,1,2,0.0,0.0001
before,cuda:0,single/batch3/first,boxes1,1,3,0.0,0.0001
before,cuda:0,single/batch3/first,boxes1,1,4,0.0,0.0001
before,cuda:0,single/batch3/first,boxes1,1,5,0.0,0.0001
before,cuda:0,single/batch3/first,boxes1,2,0,0.0,0.0001
before,cuda:0,single/batch3/first,boxes1,2,1,0.0,0.0001
before,cuda:0,single/batch3/first,boxes1,2,2,0.0,0.0001
before,cuda:0,single/batch3/first,boxes1,2,3,0.0,0.0001
before,cuda:0,single/batch3/first,boxes1,2,4,0.0,0.0001
before,cuda:0,single/batch3/first,boxes1,2,5,0.0,0.0001
before,cuda:0,single/batch3/first,boxes2,0,0,0.0,0.0001
before,cuda:0,single/batch3/first,boxes2,0,1,0.0,0.0001
before,cuda:0,single/batch3/first,boxes2,0,2,0.0,0.0001
before,cuda:0,single/batch3/first,boxes2,0,3,0.0,0.0001
before,cuda:0,single/batch3/first,boxes2,0,4,0.0,0.0001
before,cuda:0,single/batch3/first,boxes2,0,5,0.0,0.0001
before,cuda:0,single/batch3/second,boxes1,0,0,0.0,0.0001
before,cuda:0,single/batch3/second,boxes1,0,1,0.0,0.0001
before,cuda:0,single/batch3/second,boxes1,0,2,0.0,0.0001
before,cuda:0,single/batch3/second,boxes1,0,3,0.0,0.0001
before,cuda:0,single/batch3/second,boxes1,0,4,0.0,0.0001
before,cuda:0,single/batch3/second,boxes1,0,5,0.0,0.0001
before,cuda:0,single/batch3/second,boxes2,0,0,0.0,0.0001
before,cuda:0,single/batch3/second,boxes2,0,1,0.0,0.0001
before,cuda:0,single/batch3/second,boxes2,0,2,0.0,0.0001
before,cuda:0,single/batch3/second,boxes2,0,3,0.0,0.0001
before,cuda:0,single/batch3/second,boxes2,0,4,0.0,0.0001
before,cuda:0,single/batch3/second,boxes2,0,5,0.0,0.0001
before,cuda:0,single/batch3/second,boxes2,1,0,0.25,0.0001
before,cuda:0,single/batch3/second,boxes2,1,1,0.0,0.0001
before,cuda:0,single/batch3/second,boxes2,1,2,0.0,0.0001
before,cuda:0,single/batch3/second,boxes2,1,3,0.0,0.0001
before,cuda:0,single/batch3/second,boxes2,1,4,0.0,0.0001
before,cuda:0,single/batch3/second,boxes2,1,5,0.0,0.0001
before,cuda:0,single/batch3/second,boxes2,2,0,0.0,0.0001
before,cuda:0,single/batch3/second,boxes2,2,1,0.0,0.0001
before,cuda:0,single/batch3/second,boxes2,2,2,0.0,0.0001
before,cuda:0,single/batch3/second,boxes2,2,3,0.0,0.0001
before,cuda:0,single/batch3/second,boxes2,2,4,0.0,0.0001
before,cuda:0,single/batch3/second,boxes2,2,5,0.0,0.0001
before,cuda:0,cancel/batch1/first,boxes1,0,0,0.25,0.0001
before,cuda:0,cancel/batch1/first,boxes1,0,1,0.0,0.0001
before,cuda:0,cancel/batch1/first,boxes1,0,2,0.0,0.0001
before,cuda:0,cancel/batch1/first,boxes1,0,3,0.0,0.0001
before,cuda:0,cancel/batch1/first,boxes1,0,4,0.0,0.0001
before,cuda:0,cancel/batch1/first,boxes1,0,5,-0.25,0.0001
before,cuda:0,cancel/batch1/first,boxes2,0,0,0.0,0.0001
before,cuda:0,cancel/batch1/first,boxes2,0,1,0.0,0.0001
before,cuda:0,cancel/batch1/first,boxes2,0,2,0.0,0.0001
before,cuda:0,cancel/batch1/first,boxes2,0,3,0.0,0.0001
before,cuda:0,cancel/batch1/first,boxes2,0,4,0.0,0.0001
before,cuda:0,cancel/batch1/first,boxes2,0,5,0.0,0.0001
before,cuda:0,cancel/batch1/second,boxes1,0,0,0.0,0.0001
before,cuda:0,cancel/batch1/second,boxes1,0,1,0.0,0.0001
before,cuda:0,cancel/batch1/second,boxes1,0,2,0.0,0.0001
before,cuda:0,cancel/batch1/second,boxes1,0,3,0.0,0.0001
before,cuda:0,cancel/batch1/second,boxes1,0,4,0.0,0.0001
before,cuda:0,cancel/batch1/second,boxes1,0,5,0.0,0.0001
before,cuda:0,cancel/batch1/second,boxes2,0,0,0.25,0.0001
before,cuda:0,cancel/batch1/second,boxes2,0,1,0.0,0.0001
before,cuda:0,cancel/batch1/second,boxes2,0,2,0.0,0.0001
before,cuda:0,cancel/batch1/second,boxes2,0,3,0.0,0.0001
before,cuda:0,cancel/batch1/second,boxes2,0,4,0.0,0.0001
before,cuda:0,cancel/batch1/second,boxes2,0,5,-0.25,0.0001
before,cuda:0,cancel/batch3/first,boxes1,0,0,0.0,0.0001
before,cuda:0,cancel/batch3/first,boxes1,0,1,0.0,0.0001
before,cuda:0,cancel/batch3/first,boxes1,0,2,0.0,0.0001
before,cuda:0,cancel/batch3/first,boxes1,0,3,0.0,0.0001
before,cuda:0,cancel/batch3/first,boxes1,0,4,0.0,0.0001
before,cuda:0,cancel/batch3/first,boxes1,0,5,0.0,0.0001
before,cuda:0,cancel/batch3/first,boxes1,1,0,0.25,0.0001
before,cuda:0,cancel/batch3/first,boxes1,1,1,0.0,0.0001
before,cuda:0,cancel/batch3/first,boxes1,1,2,0.0,0.0001
before,cuda:0,cancel/batch3/first,boxes1,1,3,0.0,0.0001
before,cuda:0,cancel/batch3/first,boxes1,1,4,0.0,0.0001
before,cuda:0,cancel/batch3/first,boxes1,1,5,-0.25,0.0001
before,cuda:0,cancel/batch3/first,boxes1,2,0,0.0,0.0001
before,cuda:0,cancel/batch3/first,boxes1,2,1,0.0,0.0001
before,cuda:0,cancel/batch3/first,boxes1,2,2,0.0,0.0001
before,cuda:0,cancel/batch3/first,boxes1,2,3,0.0,0.0001
before,cuda:0,cancel/batch3/first,boxes1,2,4,0.0,0.0001
before,cuda:0,cancel/batch3/first,boxes1,2,5,0.0,0.0001
before,cuda:0,cancel/batch3/first,boxes2,0,0,0.0,0.0001
before,cuda:0,cancel/batch3/first,boxes2,0,1,0.0,0.0001
before,cuda:0,cancel/batch3/first,boxes2,0,2,0.0,0.0001
before,cuda:0,cancel/batch3/first,boxes2,0,3,0.0,0.0001
before,cuda:0,cancel/batch3/first,boxes2,0,4,0.0,0.0001
before,cuda:0,cancel/batch3/first,boxes2,0,5,0.0,0.0001
before,cuda:0,cancel/batch3/second,boxes1,0,0,0.0,0.0001
before,cuda:0,cancel/batch3/second,boxes1,0,1,0.0,0.0001
before,cuda:0,cancel/batch3/second,boxes1,0,2,0.0,0.0001
before,cuda:0,cancel/batch3/second,boxes1,0,3,0.0,0.0001
before,cuda:0,cancel/batch3/second,boxes1,0,4,0.0,0.0001
before,cuda:0,cancel/batch3/second,boxes1,0,5,0.0,0.0001
before,cuda:0,cancel/batch3/second,boxes2,0,0,0.0,0.0001
before,cuda:0,cancel/batch3/second,boxes2,0,1,0.0,0.0001
before,cuda:0,cancel/batch3/second,boxes2,0,2,0.0,0.0001
before,cuda:0,cancel/batch3/second,boxes2,0,3,0.0,0.0001
before,cuda:0,cancel/batch3/second,boxes2,0,4,0.0,0.0001
before,cuda:0,cancel/batch3/second,boxes2,0,5,0.0,0.0001
before,cuda:0,cancel/batch3/second,boxes2,1,0,0.25,0.0001
before,cuda:0,cancel/batch3/second,boxes2,1,1,0.0,0.0001
before,cuda:0,cancel/batch3/second,boxes2,1,2,0.0,0.0001
before,cuda:0,cancel/batch3/second,boxes2,1,3,0.0,0.0001
before,cuda:0,cancel/batch3/second,boxes2,1,4,0.0,0.0001
before,cuda:0,cancel/batch3/second,boxes2,1,5,-0.25,0.0001
before,cuda:0,cancel/batch3/second,boxes2,2,0,0.0,0.0001
before,cuda:0,cancel/batch3/second,boxes2,2,1,0.0,0.0001
before,cuda:0,cancel/batch3/second,boxes2,2,2,0.0,0.0001
before,cuda:0,cancel/batch3/second,boxes2,2,3,0.0,0.0001
before,cuda:0,cancel/batch3/second,boxes2,2,4,0.0,0.0001
before,cuda:0,cancel/batch3/second,boxes2,2,5,0.0,0.0001
before,cuda:0,threshold/0.5,boxes1,0,0,0.00048828125,0.0009765625
before,cuda:0,threshold/0.5,boxes1,0,1,0.0,0.0009765625
before,cuda:0,threshold/0.5,boxes1,0,2,0.0,0.0009765625
before,cuda:0,threshold/0.5,boxes1,0,3,0.0,0.0009765625
before,cuda:0,threshold/0.5,boxes1,0,4,0.0,0.0009765625
before,cuda:0,threshold/0.5,boxes1,0,5,0.0,0.0009765625
before,cuda:0,threshold/0.5,boxes2,0,0,0.0,0.0009765625
before,cuda:0,threshold/0.5,boxes2,0,1,0.0,0.0009765625
before,cuda:0,threshold/0.5,boxes2,0,2,0.0,0.0009765625
before,cuda:0,threshold/0.5,boxes2,0,3,0.0,0.0009765625
before,cuda:0,threshold/0.5,boxes2,0,4,0.0,0.0009765625
before,cuda:0,threshold/0.5,boxes2,0,5,0.0,0.0009765625
before,cuda:0,threshold-multi/0.5,boxes1,0,0,0.00048828125,0.0009765625
before,cuda:0,threshold-multi/0.5,boxes1,0,1,0.0,0.0009765625
before,cuda:0,threshold-multi/0.5,boxes1,0,2,0.0,0.0009765625
before,cuda:0,threshold-multi/0.5,boxes1,0,3,0.0,0.0009765625
before,cuda:0,threshold-multi/0.5,boxes1,0,4,0.0,0.0009765625
before,cuda:0,threshold-multi/0.5,boxes1,0,5,0.00048828125,0.0009765625
before,cuda:0,threshold-multi/0.5,boxes2,0,0,0.0,0.0009765625
before,cuda:0,threshold-multi/0.5,boxes2,0,1,0.0,0.0009765625
before,cuda:0,threshold-multi/0.5,boxes2,0,2,0.0,0.0009765625
before,cuda:0,threshold-multi/0.5,boxes2,0,3,0.0,0.0009765625
before,cuda:0,threshold-multi/0.5,boxes2,0,4,0.0,0.0009765625
before,cuda:0,threshold-multi/0.5,boxes2,0,5,0.0,0.0009765625
before,cuda:0,threshold/1.0,boxes1,0,0,0.0009765625,0.0009765625
before,cuda:0,threshold/1.0,boxes1,0,1,0.0,0.0009765625
before,cuda:0,threshold/1.0,boxes1,0,2,0.0,0.0009765625
before,cuda:0,threshold/1.0,boxes1,0,3,0.0,0.0009765625
before,cuda:0,threshold/1.0,boxes1,0,4,0.0,0.0009765625
before,cuda:0,threshold/1.0,boxes1,0,5,0.0,0.0009765625
before,cuda:0,threshold/1.0,boxes2,0,0,0.0,0.0009765625
before,cuda:0,threshold/1.0,boxes2,0,1,0.0,0.0009765625
before,cuda:0,threshold/1.0,boxes2,0,2,0.0,0.0009765625
before,cuda:0,threshold/1.0,boxes2,0,3,0.0,0.0009765625
before,cuda:0,threshold/1.0,boxes2,0,4,0.0,0.0009765625
before,cuda:0,threshold/1.0,boxes2,0,5,0.0,0.0009765625
before,cuda:0,threshold-multi/1.0,boxes1,0,0,0.0009765625,0.0009765625
before,cuda:0,threshold-multi/1.0,boxes1,0,1,0.0,0.0009765625
before,cuda:0,threshold-multi/1.0,boxes1,0,2,0.0,0.0009765625
before,cuda:0,threshold-multi/1.0,boxes1,0,3,0.0,0.0009765625
before,cuda:0,threshold-multi/1.0,boxes1,0,4,0.0,0.0009765625
before,cuda:0,threshold-multi/1.0,boxes1,0,5,0.0009765625,0.0009765625
before,cuda:0,threshold-multi/1.0,boxes2,0,0,0.0,0.0009765625
before,cuda:0,threshold-multi/1.0,boxes2,0,1,0.0,0.0009765625
before,cuda:0,threshold-multi/1.0,boxes2,0,2,0.0,0.0009765625
before,cuda:0,threshold-multi/1.0,boxes2,0,3,0.0,0.0009765625
before,cuda:0,threshold-multi/1.0,boxes2,0,4,0.0,0.0009765625
before,cuda:0,threshold-multi/1.0,boxes2,0,5,0.0,0.0009765625
before,cuda:0,threshold/2.0,boxes1,0,0,0.001953125,0.0009765625
before,cuda:0,threshold/2.0,boxes1,0,1,0.0,0.0009765625
before,cuda:0,threshold/2.0,boxes1,0,2,0.0,0.0009765625
before,cuda:0,threshold/2.0,boxes1,0,3,0.0,0.0009765625
before,cuda:0,threshold/2.0,boxes1,0,4,0.0,0.0009765625
before,cuda:0,threshold/2.0,boxes1,0,5,0.0,0.0009765625
before,cuda:0,threshold/2.0,boxes2,0,0,0.0,0.0009765625
before,cuda:0,threshold/2.0,boxes2,0,1,0.0,0.0009765625
before,cuda:0,threshold/2.0,boxes2,0,2,0.0,0.0009765625
before,cuda:0,threshold/2.0,boxes2,0,3,0.0,0.0009765625
before,cuda:0,threshold/2.0,boxes2,0,4,0.0,0.0009765625
before,cuda:0,threshold/2.0,boxes2,0,5,0.0,0.0009765625
before,cuda:0,threshold-multi/2.0,boxes1,0,0,0.001953125,0.0009765625
before,cuda:0,threshold-multi/2.0,boxes1,0,1,0.0,0.0009765625
before,cuda:0,threshold-multi/2.0,boxes1,0,2,0.0,0.0009765625
before,cuda:0,threshold-multi/2.0,boxes1,0,3,0.0,0.0009765625
before,cuda:0,threshold-multi/2.0,boxes1,0,4,0.0,0.0009765625
before,cuda:0,threshold-multi/2.0,boxes1,0,5,0.001953125,0.0009765625
before,cuda:0,threshold-multi/2.0,boxes2,0,0,0.0,0.0009765625
before,cuda:0,threshold-multi/2.0,boxes2,0,1,0.0,0.0009765625
before,cuda:0,threshold-multi/2.0,boxes2,0,2,0.0,0.0009765625
before,cuda:0,threshold-multi/2.0,boxes2,0,3,0.0,0.0009765625
before,cuda:0,threshold-multi/2.0,boxes2,0,4,0.0,0.0009765625
before,cuda:0,threshold-multi/2.0,boxes2,0,5,0.0,0.0009765625
before,cuda:0,affine/identity,boxes1,0,0,0.0,0.0001
before,cuda:0,affine/identity,boxes1,0,1,0.0,0.0001
before,cuda:0,affine/identity,boxes1,0,2,0.0,0.0001
before,cuda:0,affine/identity,boxes1,0,3,0.0,0.0001
before,cuda:0,affine/identity,boxes1,0,4,0.0,0.0001
before,cuda:0,affine/identity,boxes1,0,5,0.0,0.0001
before,cuda:0,affine/identity,boxes1,1,0,0.0,0.0001
before,cuda:0,affine/identity,boxes1,1,1,0.0,0.0001
before,cuda:0,affine/identity,boxes1,1,2,0.0,0.0001
before,cuda:0,affine/identity,boxes1,1,3,0.0,0.0001
before,cuda:0,affine/identity,boxes1,1,4,0.0,0.0001
before,cuda:0,affine/identity,boxes1,1,5,0.0,0.0001
before,cuda:0,affine/identity,boxes2,0,0,0.0,0.0001
before,cuda:0,affine/identity,boxes2,0,1,0.0,0.0001
before,cuda:0,affine/identity,boxes2,0,2,0.0,0.0001
before,cuda:0,affine/identity,boxes2,0,3,0.0,0.0001
before,cuda:0,affine/identity,boxes2,0,4,0.0,0.0001
before,cuda:0,affine/identity,boxes2,0,5,0.0,0.0001
before,cuda:0,affine/identity,boxes2,1,0,0.0,0.0001
before,cuda:0,affine/identity,boxes2,1,1,0.0,0.0001
before,cuda:0,affine/identity,boxes2,1,2,0.0,0.0001
before,cuda:0,affine/identity,boxes2,1,3,0.0,0.0001
before,cuda:0,affine/identity,boxes2,1,4,0.0,0.0001
before,cuda:0,affine/identity,boxes2,1,5,0.0,0.0001
before,cuda:0,affine/translation,boxes1,0,0,0.0,0.0001
before,cuda:0,affine/translation,boxes1,0,1,0.0,0.0001
before,cuda:0,affine/translation,boxes1,0,2,0.0,0.0001
before,cuda:0,affine/translation,boxes1,0,3,0.0,0.0001
before,cuda:0,affine/translation,boxes1,0,4,0.0,0.0001
before,cuda:0,affine/translation,boxes1,0,5,0.0,0.0001
before,cuda:0,affine/translation,boxes1,1,0,0.0,0.0001
before,cuda:0,affine/translation,boxes1,1,1,0.0,0.0001
before,cuda:0,affine/translation,boxes1,1,2,0.0,0.0001
before,cuda:0,affine/translation,boxes1,1,3,0.0,0.0001
before,cuda:0,affine/translation,boxes1,1,4,0.0,0.0001
before,cuda:0,affine/translation,boxes1,1,5,0.0,0.0001
before,cuda:0,affine/translation,boxes2,0,0,0.0,0.0001
before,cuda:0,affine/translation,boxes2,0,1,0.0,0.0001
before,cuda:0,affine/translation,boxes2,0,2,0.0,0.0001
before,cuda:0,affine/translation,boxes2,0,3,0.0,0.0001
before,cuda:0,affine/translation,boxes2,0,4,0.0,0.0001
before,cuda:0,affine/translation,boxes2,0,5,0.0,0.0001
before,cuda:0,affine/translation,boxes2,1,0,0.0,0.0001
before,cuda:0,affine/translation,boxes2,1,1,0.0,0.0001
before,cuda:0,affine/translation,boxes2,1,2,0.0,0.0001
before,cuda:0,affine/translation,boxes2,1,3,0.0,0.0001
before,cuda:0,affine/translation,boxes2,1,4,0.0,0.0001
before,cuda:0,affine/translation,boxes2,1,5,0.0,0.0001
before,cuda:0,affine/rotation,boxes1,0,0,0.0,0.0001
before,cuda:0,affine/rotation,boxes1,0,1,0.0,0.0001
before,cuda:0,affine/rotation,boxes1,0,2,0.0,0.0001
before,cuda:0,affine/rotation,boxes1,0,3,0.0,0.0001
before,cuda:0,affine/rotation,boxes1,0,4,0.0,0.0001
before,cuda:0,affine/rotation,boxes1,0,5,0.0,0.0001
before,cuda:0,affine/rotation,boxes1,1,0,0.0,0.0001
before,cuda:0,affine/rotation,boxes1,1,1,0.0,0.0001
before,cuda:0,affine/rotation,boxes1,1,2,0.0,0.0001
before,cuda:0,affine/rotation,boxes1,1,3,0.0,0.0001
before,cuda:0,affine/rotation,boxes1,1,4,0.0,0.0001
before,cuda:0,affine/rotation,boxes1,1,5,0.0,0.0001
before,cuda:0,affine/rotation,boxes2,0,0,0.0,0.0001
before,cuda:0,affine/rotation,boxes2,0,1,0.0,0.0001
before,cuda:0,affine/rotation,boxes2,0,2,0.0,0.0001
before,cuda:0,affine/rotation,boxes2,0,3,0.0,0.0001
before,cuda:0,affine/rotation,boxes2,0,4,0.0,0.0001
before,cuda:0,affine/rotation,boxes2,0,5,0.0,0.0001
before,cuda:0,affine/rotation,boxes2,1,0,0.0,0.0001
before,cuda:0,affine/rotation,boxes2,1,1,0.0,0.0001
before,cuda:0,affine/rotation,boxes2,1,2,0.0,0.0001
before,cuda:0,affine/rotation,boxes2,1,3,0.0,0.0001
before,cuda:0,affine/rotation,boxes2,1,4,0.0,0.0001
before,cuda:0,affine/rotation,boxes2,1,5,0.0,0.0001
before,cuda:0,affine/scale,boxes1,0,0,0.0,0.0001
before,cuda:0,affine/scale,boxes1,0,1,0.0,0.0001
before,cuda:0,affine/scale,boxes1,0,2,0.0,0.0001
before,cuda:0,affine/scale,boxes1,0,3,0.0,0.0001
before,cuda:0,affine/scale,boxes1,0,4,0.0,0.0001
before,cuda:0,affine/scale,boxes1,0,5,0.0,0.0001
before,cuda:0,affine/scale,boxes1,1,0,0.0,0.0001
before,cuda:0,affine/scale,boxes1,1,1,0.0,0.0001
before,cuda:0,affine/scale,boxes1,1,2,0.0,0.0001
before,cuda:0,affine/scale,boxes1,1,3,0.0,0.0001
before,cuda:0,affine/scale,boxes1,1,4,0.0,0.0001
before,cuda:0,affine/scale,boxes1,1,5,0.0,0.0001
before,cuda:0,affine/scale,boxes2,0,0,0.0,0.0001
before,cuda:0,affine/scale,boxes2,0,1,0.0,0.0001
before,cuda:0,affine/scale,boxes2,0,2,0.0,0.0001
before,cuda:0,affine/scale,boxes2,0,3,0.0,0.0001
before,cuda:0,affine/scale,boxes2,0,4,0.0,0.0001
before,cuda:0,affine/scale,boxes2,0,5,0.0,0.0001
before,cuda:0,affine/scale,boxes2,1,0,0.0,0.0001
before,cuda:0,affine/scale,boxes2,1,1,0.0,0.0001
before,cuda:0,affine/scale,boxes2,1,2,0.0,0.0001
before,cuda:0,affine/scale,boxes2,1,3,0.0,0.0001
before,cuda:0,affine/scale,boxes2,1,4,0.0,0.0001
before,cuda:0,affine/scale,boxes2,1,5,0.0,0.0001
before,cuda:0,affine/shear,boxes1,0,0,0.0,0.0001
before,cuda:0,affine/shear,boxes1,0,1,-8.710553167645685e-09,0.0001
before,cuda:0,affine/shear,boxes1,0,2,-8.710553167645685e-09,0.0001
before,cuda:0,affine/shear,boxes1,0,3,0.0,0.0001
before,cuda:0,affine/shear,boxes1,0,4,0.0,0.0001
before,cuda:0,affine/shear,boxes1,0,5,0.0,0.0001
before,cuda:0,affine/shear,boxes1,1,0,0.0,0.0001
before,cuda:0,affine/shear,boxes1,1,1,-8.710553167645685e-09,0.0001
before,cuda:0,affine/shear,boxes1,1,2,-8.710553167645685e-09,0.0001
before,cuda:0,affine/shear,boxes1,1,3,0.0,0.0001
before,cuda:0,affine/shear,boxes1,1,4,0.0,0.0001
before,cuda:0,affine/shear,boxes1,1,5,0.0,0.0001
before,cuda:0,affine/shear,boxes2,0,0,0.0,0.0001
before,cuda:0,affine/shear,boxes2,0,1,-8.710553167645685e-09,0.0001
before,cuda:0,affine/shear,boxes2,0,2,-8.710553167645685e-09,0.0001
before,cuda:0,affine/shear,boxes2,0,3,0.0,0.0001
before,cuda:0,affine/shear,boxes2,0,4,0.0,0.0001
before,cuda:0,affine/shear,boxes2,0,5,0.0,0.0001
before,cuda:0,affine/shear,boxes2,1,0,0.0,0.0001
before,cuda:0,affine/shear,boxes2,1,1,-8.710553167645685e-09,0.0001
before,cuda:0,affine/shear,boxes2,1,2,-8.710553167645685e-09,0.0001
before,cuda:0,affine/shear,boxes2,1,3,0.0,0.0001
before,cuda:0,affine/shear,boxes2,1,4,0.0,0.0001
before,cuda:0,affine/shear,boxes2,1,5,0.0,0.0001
before,cuda:0,zero/first,boxes1,0,0,0.0,0.0001
before,cuda:0,zero/first,boxes1,0,1,0.0,0.0001
before,cuda:0,zero/first,boxes1,0,2,0.0,0.0001
before,cuda:0,zero/first,boxes1,0,3,0.0,0.0001
before,cuda:0,zero/first,boxes1,0,4,0.0,0.0001
before,cuda:0,zero/first,boxes1,0,5,0.0,0.0001
before,cuda:0,zero/first,boxes2,0,0,0.0,0.0001
before,cuda:0,zero/first,boxes2,0,1,0.0,0.0001
before,cuda:0,zero/first,boxes2,0,2,0.0,0.0001
before,cuda:0,zero/first,boxes2,0,3,0.0,0.0001
before,cuda:0,zero/first,boxes2,0,4,0.0,0.0001
before,cuda:0,zero/first,boxes2,0,5,0.0,0.0001
before,cuda:0,zero/second,boxes1,0,0,0.0,0.0001
before,cuda:0,zero/second,boxes1,0,1,0.0,0.0001
before,cuda:0,zero/second,boxes1,0,2,0.0,0.0001
before,cuda:0,zero/second,boxes1,0,3,0.0,0.0001
before,cuda:0,zero/second,boxes1,0,4,0.0,0.0001
before,cuda:0,zero/second,boxes1,0,5,0.0,0.0001
before,cuda:0,zero/second,boxes2,0,0,0.0,0.0001
before,cuda:0,zero/second,boxes2,0,1,0.0,0.0001
before,cuda:0,zero/second,boxes2,0,2,0.0,0.0001
before,cuda:0,zero/second,boxes2,0,3,0.0,0.0001
before,cuda:0,zero/second,boxes2,0,4,0.0,0.0001
before,cuda:0,zero/second,boxes2,0,5,0.0,0.0001
before,cuda:0,issue1894/batch1,boxes1,0,0,0.0,0.0001
before,cuda:0,issue1894/batch1,boxes1,0,1,0.0,0.0001
before,cuda:0,issue1894/batch1,boxes1,0,2,0.0,0.0001
before,cuda:0,issue1894/batch1,boxes1,0,3,0.0,0.0001
before,cuda:0,issue1894/batch1,boxes1,0,4,0.0,0.0001
before,cuda:0,issue1894/batch1,boxes1,0,5,0.0,0.0001
before,cuda:0,issue1894/batch1,boxes2,0,0,0.0,0.0001
before,cuda:0,issue1894/batch1,boxes2,0,1,0.0,0.0001
before,cuda:0,issue1894/batch1,boxes2,0,2,0.0,0.0001
before,cuda:0,issue1894/batch1,boxes2,0,3,0.0,0.0001
before,cuda:0,issue1894/batch1,boxes2,0,4,0.0,0.0001
before,cuda:0,issue1894/batch1,boxes2,0,5,0.0,0.0001
before,cuda:0,issue1894/batch2,boxes1,0,0,0.0,0.0001
before,cuda:0,issue1894/batch2,boxes1,0,1,0.0,0.0001
before,cuda:0,issue1894/batch2,boxes1,0,2,0.0,0.0001
before,cuda:0,issue1894/batch2,boxes1,0,3,0.0,0.0001
before,cuda:0,issue1894/batch2,boxes1,0,4,0.0,0.0001
before,cuda:0,issue1894/batch2,boxes1,0,5,0.0,0.0001
before,cuda:0,issue1894/batch2,boxes1,1,0,0.0,0.0001
before,cuda:0,issue1894/batch2,boxes1,1,1,0.0,0.0001
before,cuda:0,issue1894/batch2,boxes1,1,2,0.0,0.0001
before,cuda:0,issue1894/batch2,boxes1,1,3,0.0,0.0001
before,cuda:0,issue1894/batch2,boxes1,1,4,0.0,0.0001
before,cuda:0,issue1894/batch2,boxes1,1,5,0.0,0.0001
before,cuda:0,issue1894/batch2,boxes2,0,0,0.0,0.0001
before,cuda:0,issue1894/batch2,boxes2,0,1,0.0,0.0001
before,cuda:0,issue1894/batch2,boxes2,0,2,0.0,0.0001
before,cuda:0,issue1894/batch2,boxes2,0,3,0.0,0.0001
before,cuda:0,issue1894/batch2,boxes2,0,4,0.0,0.0001
before,cuda:0,issue1894/batch2,boxes2,0,5,0.0,0.0001
before,cuda:0,issue1894/batch2,boxes2,1,0,0.0,0.0001
before,cuda:0,issue1894/batch2,boxes2,1,1,0.0,0.0001
before,cuda:0,issue1894/batch2,boxes2,1,2,0.0,0.0001
before,cuda:0,issue1894/batch2,boxes2,1,3,0.0,0.0001
before,cuda:0,issue1894/batch2,boxes2,1,4,0.0,0.0001
before,cuda:0,issue1894/batch2,boxes2,1,5,0.0,0.0001
before,cuda:1,single/batch1/first,boxes1,0,0,0.25,0.0001
before,cuda:1,single/batch1/first,boxes1,0,1,0.0,0.0001
before,cuda:1,single/batch1/first,boxes1,0,2,0.0,0.0001
before,cuda:1,single/batch1/first,boxes1,0,3,0.0,0.0001
before,cuda:1,single/batch1/first,boxes1,0,4,0.0,0.0001
before,cuda:1,single/batch1/first,boxes1,0,5,0.0,0.0001
before,cuda:1,single/batch1/first,boxes2,0,0,0.0,0.0001
before,cuda:1,single/batch1/first,boxes2,0,1,0.0,0.0001
before,cuda:1,single/batch1/first,boxes2,0,2,0.0,0.0001
before,cuda:1,single/batch1/first,boxes2,0,3,0.0,0.0001
before,cuda:1,single/batch1/first,boxes2,0,4,0.0,0.0001
before,cuda:1,single/batch1/first,boxes2,0,5,0.0,0.0001
before,cuda:1,single/batch1/second,boxes1,0,0,0.0,0.0001
before,cuda:1,single/batch1/second,boxes1,0,1,0.0,0.0001
before,cuda:1,single/batch1/second,boxes1,0,2,0.0,0.0001
before,cuda:1,single/batch1/second,boxes1,0,3,0.0,0.0001
before,cuda:1,single/batch1/second,boxes1,0,4,0.0,0.0001
before,cuda:1,single/batch1/second,boxes1,0,5,0.0,0.0001
before,cuda:1,single/batch1/second,boxes2,0,0,0.25,0.0001
before,cuda:1,single/batch1/second,boxes2,0,1,0.0,0.0001
before,cuda:1,single/batch1/second,boxes2,0,2,0.0,0.0001
before,cuda:1,single/batch1/second,boxes2,0,3,0.0,0.0001
before,cuda:1,single/batch1/second,boxes2,0,4,0.0,0.0001
before,cuda:1,single/batch1/second,boxes2,0,5,0.0,0.0001
before,cuda:1,single/batch3/first,boxes1,0,0,0.0,0.0001
before,cuda:1,single/batch3/first,boxes1,0,1,0.0,0.0001
before,cuda:1,single/batch3/first,boxes1,0,2,0.0,0.0001
before,cuda:1,single/batch3/first,boxes1,0,3,0.0,0.0001
before,cuda:1,single/batch3/first,boxes1,0,4,0.0,0.0001
before,cuda:1,single/batch3/first,boxes1,0,5,0.0,0.0001
before,cuda:1,single/batch3/first,boxes1,1,0,0.25,0.0001
before,cuda:1,single/batch3/first,boxes1,1,1,0.0,0.0001
before,cuda:1,single/batch3/first,boxes1,1,2,0.0,0.0001
before,cuda:1,single/batch3/first,boxes1,1,3,0.0,0.0001
before,cuda:1,single/batch3/first,boxes1,1,4,0.0,0.0001
before,cuda:1,single/batch3/first,boxes1,1,5,0.0,0.0001
before,cuda:1,single/batch3/first,boxes1,2,0,0.0,0.0001
before,cuda:1,single/batch3/first,boxes1,2,1,0.0,0.0001
before,cuda:1,single/batch3/first,boxes1,2,2,0.0,0.0001
before,cuda:1,single/batch3/first,boxes1,2,3,0.0,0.0001
before,cuda:1,single/batch3/first,boxes1,2,4,0.0,0.0001
before,cuda:1,single/batch3/first,boxes1,2,5,0.0,0.0001
before,cuda:1,single/batch3/first,boxes2,0,0,0.0,0.0001
before,cuda:1,single/batch3/first,boxes2,0,1,0.0,0.0001
before,cuda:1,single/batch3/first,boxes2,0,2,0.0,0.0001
before,cuda:1,single/batch3/first,boxes2,0,3,0.0,0.0001
before,cuda:1,single/batch3/first,boxes2,0,4,0.0,0.0001
before,cuda:1,single/batch3/first,boxes2,0,5,0.0,0.0001
before,cuda:1,single/batch3/second,boxes1,0,0,0.0,0.0001
before,cuda:1,single/batch3/second,boxes1,0,1,0.0,0.0001
before,cuda:1,single/batch3/second,boxes1,0,2,0.0,0.0001
before,cuda:1,single/batch3/second,boxes1,0,3,0.0,0.0001
before,cuda:1,single/batch3/second,boxes1,0,4,0.0,0.0001
before,cuda:1,single/batch3/second,boxes1,0,5,0.0,0.0001
before,cuda:1,single/batch3/second,boxes2,0,0,0.0,0.0001
before,cuda:1,single/batch3/second,boxes2,0,1,0.0,0.0001
before,cuda:1,single/batch3/second,boxes2,0,2,0.0,0.0001
before,cuda:1,single/batch3/second,boxes2,0,3,0.0,0.0001
before,cuda:1,single/batch3/second,boxes2,0,4,0.0,0.0001
before,cuda:1,single/batch3/second,boxes2,0,5,0.0,0.0001
before,cuda:1,single/batch3/second,boxes2,1,0,0.25,0.0001
before,cuda:1,single/batch3/second,boxes2,1,1,0.0,0.0001
before,cuda:1,single/batch3/second,boxes2,1,2,0.0,0.0001
before,cuda:1,single/batch3/second,boxes2,1,3,0.0,0.0001
before,cuda:1,single/batch3/second,boxes2,1,4,0.0,0.0001
before,cuda:1,single/batch3/second,boxes2,1,5,0.0,0.0001
before,cuda:1,single/batch3/second,boxes2,2,0,0.0,0.0001
before,cuda:1,single/batch3/second,boxes2,2,1,0.0,0.0001
before,cuda:1,single/batch3/second,boxes2,2,2,0.0,0.0001
before,cuda:1,single/batch3/second,boxes2,2,3,0.0,0.0001
before,cuda:1,single/batch3/second,boxes2,2,4,0.0,0.0001
before,cuda:1,single/batch3/second,boxes2,2,5,0.0,0.0001
before,cuda:1,cancel/batch1/first,boxes1,0,0,0.25,0.0001
before,cuda:1,cancel/batch1/first,boxes1,0,1,0.0,0.0001
before,cuda:1,cancel/batch1/first,boxes1,0,2,0.0,0.0001
before,cuda:1,cancel/batch1/first,boxes1,0,3,0.0,0.0001
before,cuda:1,cancel/batch1/first,boxes1,0,4,0.0,0.0001
before,cuda:1,cancel/batch1/first,boxes1,0,5,-0.25,0.0001
before,cuda:1,cancel/batch1/first,boxes2,0,0,0.0,0.0001
before,cuda:1,cancel/batch1/first,boxes2,0,1,0.0,0.0001
before,cuda:1,cancel/batch1/first,boxes2,0,2,0.0,0.0001
before,cuda:1,cancel/batch1/first,boxes2,0,3,0.0,0.0001
before,cuda:1,cancel/batch1/first,boxes2,0,4,0.0,0.0001
before,cuda:1,cancel/batch1/first,boxes2,0,5,0.0,0.0001
before,cuda:1,cancel/batch1/second,boxes1,0,0,0.0,0.0001
before,cuda:1,cancel/batch1/second,boxes1,0,1,0.0,0.0001
before,cuda:1,cancel/batch1/second,boxes1,0,2,0.0,0.0001
before,cuda:1,cancel/batch1/second,boxes1,0,3,0.0,0.0001
before,cuda:1,cancel/batch1/second,boxes1,0,4,0.0,0.0001
before,cuda:1,cancel/batch1/second,boxes1,0,5,0.0,0.0001
before,cuda:1,cancel/batch1/second,boxes2,0,0,0.25,0.0001
before,cuda:1,cancel/batch1/second,boxes2,0,1,0.0,0.0001
before,cuda:1,cancel/batch1/second,boxes2,0,2,0.0,0.0001
before,cuda:1,cancel/batch1/second,boxes2,0,3,0.0,0.0001
before,cuda:1,cancel/batch1/second,boxes2,0,4,0.0,0.0001
before,cuda:1,cancel/batch1/second,boxes2,0,5,-0.25,0.0001
before,cuda:1,cancel/batch3/first,boxes1,0,0,0.0,0.0001
before,cuda:1,cancel/batch3/first,boxes1,0,1,0.0,0.0001
before,cuda:1,cancel/batch3/first,boxes1,0,2,0.0,0.0001
before,cuda:1,cancel/batch3/first,boxes1,0,3,0.0,0.0001
before,cuda:1,cancel/batch3/first,boxes1,0,4,0.0,0.0001
before,cuda:1,cancel/batch3/first,boxes1,0,5,0.0,0.0001
before,cuda:1,cancel/batch3/first,boxes1,1,0,0.25,0.0001
before,cuda:1,cancel/batch3/first,boxes1,1,1,0.0,0.0001
before,cuda:1,cancel/batch3/first,boxes1,1,2,0.0,0.0001
before,cuda:1,cancel/batch3/first,boxes1,1,3,0.0,0.0001
before,cuda:1,cancel/batch3/first,boxes1,1,4,0.0,0.0001
before,cuda:1,cancel/batch3/first,boxes1,1,5,-0.25,0.0001
before,cuda:1,cancel/batch3/first,boxes1,2,0,0.0,0.0001
before,cuda:1,cancel/batch3/first,boxes1,2,1,0.0,0.0001
before,cuda:1,cancel/batch3/first,boxes1,2,2,0.0,0.0001
before,cuda:1,cancel/batch3/first,boxes1,2,3,0.0,0.0001
before,cuda:1,cancel/batch3/first,boxes1,2,4,0.0,0.0001
before,cuda:1,cancel/batch3/first,boxes1,2,5,0.0,0.0001
before,cuda:1,cancel/batch3/first,boxes2,0,0,0.0,0.0001
before,cuda:1,cancel/batch3/first,boxes2,0,1,0.0,0.0001
before,cuda:1,cancel/batch3/first,boxes2,0,2,0.0,0.0001
before,cuda:1,cancel/batch3/first,boxes2,0,3,0.0,0.0001
before,cuda:1,cancel/batch3/first,boxes2,0,4,0.0,0.0001
before,cuda:1,cancel/batch3/first,boxes2,0,5,0.0,0.0001
before,cuda:1,cancel/batch3/second,boxes1,0,0,0.0,0.0001
before,cuda:1,cancel/batch3/second,boxes1,0,1,0.0,0.0001
before,cuda:1,cancel/batch3/second,boxes1,0,2,0.0,0.0001
before,cuda:1,cancel/batch3/second,boxes1,0,3,0.0,0.0001
before,cuda:1,cancel/batch3/second,boxes1,0,4,0.0,0.0001
before,cuda:1,cancel/batch3/second,boxes1,0,5,0.0,0.0001
before,cuda:1,cancel/batch3/second,boxes2,0,0,0.0,0.0001
before,cuda:1,cancel/batch3/second,boxes2,0,1,0.0,0.0001
before,cuda:1,cancel/batch3/second,boxes2,0,2,0.0,0.0001
before,cuda:1,cancel/batch3/second,boxes2,0,3,0.0,0.0001
before,cuda:1,cancel/batch3/second,boxes2,0,4,0.0,0.0001
before,cuda:1,cancel/batch3/second,boxes2,0,5,0.0,0.0001
before,cuda:1,cancel/batch3/second,boxes2,1,0,0.25,0.0001
before,cuda:1,cancel/batch3/second,boxes2,1,1,0.0,0.0001
before,cuda:1,cancel/batch3/second,boxes2,1,2,0.0,0.0001
before,cuda:1,cancel/batch3/second,boxes2,1,3,0.0,0.0001
before,cuda:1,cancel/batch3/second,boxes2,1,4,0.0,0.0001
before,cuda:1,cancel/batch3/second,boxes2,1,5,-0.25,0.0001
before,cuda:1,cancel/batch3/second,boxes2,2,0,0.0,0.0001
before,cuda:1,cancel/batch3/second,boxes2,2,1,0.0,0.0001
before,cuda:1,cancel/batch3/second,boxes2,2,2,0.0,0.0001
before,cuda:1,cancel/batch3/second,boxes2,2,3,0.0,0.0001
before,cuda:1,cancel/batch3/second,boxes2,2,4,0.0,0.0001
before,cuda:1,cancel/batch3/second,boxes2,2,5,0.0,0.0001
before,cuda:1,threshold/0.5,boxes1,0,0,0.00048828125,0.0009765625
before,cuda:1,threshold/0.5,boxes1,0,1,0.0,0.0009765625
before,cuda:1,threshold/0.5,boxes1,0,2,0.0,0.0009765625
before,cuda:1,threshold/0.5,boxes1,0,3,0.0,0.0009765625
before,cuda:1,threshold/0.5,boxes1,0,4,0.0,0.0009765625
before,cuda:1,threshold/0.5,boxes1,0,5,0.0,0.0009765625
before,cuda:1,threshold/0.5,boxes2,0,0,0.0,0.0009765625
before,cuda:1,threshold/0.5,boxes2,0,1,0.0,0.0009765625
before,cuda:1,threshold/0.5,boxes2,0,2,0.0,0.0009765625
before,cuda:1,threshold/0.5,boxes2,0,3,0.0,0.0009765625
before,cuda:1,threshold/0.5,boxes2,0,4,0.0,0.0009765625
before,cuda:1,threshold/0.5,boxes2,0,5,0.0,0.0009765625
before,cuda:1,threshold-multi/0.5,boxes1,0,0,0.00048828125,0.0009765625
before,cuda:1,threshold-multi/0.5,boxes1,0,1,0.0,0.0009765625
before,cuda:1,threshold-multi/0.5,boxes1,0,2,0.0,0.0009765625
before,cuda:1,threshold-multi/0.5,boxes1,0,3,0.0,0.0009765625
before,cuda:1,threshold-multi/0.5,boxes1,0,4,0.0,0.0009765625
before,cuda:1,threshold-multi/0.5,boxes1,0,5,0.00048828125,0.0009765625
before,cuda:1,threshold-multi/0.5,boxes2,0,0,0.0,0.0009765625
before,cuda:1,threshold-multi/0.5,boxes2,0,1,0.0,0.0009765625
before,cuda:1,threshold-multi/0.5,boxes2,0,2,0.0,0.0009765625
before,cuda:1,threshold-multi/0.5,boxes2,0,3,0.0,0.0009765625
before,cuda:1,threshold-multi/0.5,boxes2,0,4,0.0,0.0009765625
before,cuda:1,threshold-multi/0.5,boxes2,0,5,0.0,0.0009765625
before,cuda:1,threshold/1.0,boxes1,0,0,0.0009765625,0.0009765625
before,cuda:1,threshold/1.0,boxes1,0,1,0.0,0.0009765625
before,cuda:1,threshold/1.0,boxes1,0,2,0.0,0.0009765625
before,cuda:1,threshold/1.0,boxes1,0,3,0.0,0.0009765625
before,cuda:1,threshold/1.0,boxes1,0,4,0.0,0.0009765625
before,cuda:1,threshold/1.0,boxes1,0,5,0.0,0.0009765625
before,cuda:1,threshold/1.0,boxes2,0,0,0.0,0.0009765625
before,cuda:1,threshold/1.0,boxes2,0,1,0.0,0.0009765625
before,cuda:1,threshold/1.0,boxes2,0,2,0.0,0.0009765625
before,cuda:1,threshold/1.0,boxes2,0,3,0.0,0.0009765625
before,cuda:1,threshold/1.0,boxes2,0,4,0.0,0.0009765625
before,cuda:1,threshold/1.0,boxes2,0,5,0.0,0.0009765625
before,cuda:1,threshold-multi/1.0,boxes1,0,0,0.0009765625,0.0009765625
before,cuda:1,threshold-multi/1.0,boxes1,0,1,0.0,0.0009765625
before,cuda:1,threshold-multi/1.0,boxes1,0,2,0.0,0.0009765625
before,cuda:1,threshold-multi/1.0,boxes1,0,3,0.0,0.0009765625
before,cuda:1,threshold-multi/1.0,boxes1,0,4,0.0,0.0009765625
before,cuda:1,threshold-multi/1.0,boxes1,0,5,0.0009765625,0.0009765625
before,cuda:1,threshold-multi/1.0,boxes2,0,0,0.0,0.0009765625
before,cuda:1,threshold-multi/1.0,boxes2,0,1,0.0,0.0009765625
before,cuda:1,threshold-multi/1.0,boxes2,0,2,0.0,0.0009765625
before,cuda:1,threshold-multi/1.0,boxes2,0,3,0.0,0.0009765625
before,cuda:1,threshold-multi/1.0,boxes2,0,4,0.0,0.0009765625
before,cuda:1,threshold-multi/1.0,boxes2,0,5,0.0,0.0009765625
before,cuda:1,threshold/2.0,boxes1,0,0,0.001953125,0.0009765625
before,cuda:1,threshold/2.0,boxes1,0,1,0.0,0.0009765625
before,cuda:1,threshold/2.0,boxes1,0,2,0.0,0.0009765625
before,cuda:1,threshold/2.0,boxes1,0,3,0.0,0.0009765625
before,cuda:1,threshold/2.0,boxes1,0,4,0.0,0.0009765625
before,cuda:1,threshold/2.0,boxes1,0,5,0.0,0.0009765625
before,cuda:1,threshold/2.0,boxes2,0,0,0.0,0.0009765625
before,cuda:1,threshold/2.0,boxes2,0,1,0.0,0.0009765625
before,cuda:1,threshold/2.0,boxes2,0,2,0.0,0.0009765625
before,cuda:1,threshold/2.0,boxes2,0,3,0.0,0.0009765625
before,cuda:1,threshold/2.0,boxes2,0,4,0.0,0.0009765625
before,cuda:1,threshold/2.0,boxes2,0,5,0.0,0.0009765625
before,cuda:1,threshold-multi/2.0,boxes1,0,0,0.001953125,0.0009765625
before,cuda:1,threshold-multi/2.0,boxes1,0,1,0.0,0.0009765625
before,cuda:1,threshold-multi/2.0,boxes1,0,2,0.0,0.0009765625
before,cuda:1,threshold-multi/2.0,boxes1,0,3,0.0,0.0009765625
before,cuda:1,threshold-multi/2.0,boxes1,0,4,0.0,0.0009765625
before,cuda:1,threshold-multi/2.0,boxes1,0,5,0.001953125,0.0009765625
before,cuda:1,threshold-multi/2.0,boxes2,0,0,0.0,0.0009765625
before,cuda:1,threshold-multi/2.0,boxes2,0,1,0.0,0.0009765625
before,cuda:1,threshold-multi/2.0,boxes2,0,2,0.0,0.0009765625
before,cuda:1,threshold-multi/2.0,boxes2,0,3,0.0,0.0009765625
before,cuda:1,threshold-multi/2.0,boxes2,0,4,0.0,0.0009765625
before,cuda:1,threshold-multi/2.0,boxes2,0,5,0.0,0.0009765625
before,cuda:1,affine/identity,boxes1,0,0,0.0,0.0001
before,cuda:1,affine/identity,boxes1,0,1,0.0,0.0001
before,cuda:1,affine/identity,boxes1,0,2,0.0,0.0001
before,cuda:1,affine/identity,boxes1,0,3,0.0,0.0001
before,cuda:1,affine/identity,boxes1,0,4,0.0,0.0001
before,cuda:1,affine/identity,boxes1,0,5,0.0,0.0001
before,cuda:1,affine/identity,boxes1,1,0,0.0,0.0001
before,cuda:1,affine/identity,boxes1,1,1,0.0,0.0001
before,cuda:1,affine/identity,boxes1,1,2,0.0,0.0001
before,cuda:1,affine/identity,boxes1,1,3,0.0,0.0001
before,cuda:1,affine/identity,boxes1,1,4,0.0,0.0001
before,cuda:1,affine/identity,boxes1,1,5,0.0,0.0001
before,cuda:1,affine/identity,boxes2,0,0,0.0,0.0001
before,cuda:1,affine/identity,boxes2,0,1,0.0,0.0001
before,cuda:1,affine/identity,boxes2,0,2,0.0,0.0001
before,cuda:1,affine/identity,boxes2,0,3,0.0,0.0001
before,cuda:1,affine/identity,boxes2,0,4,0.0,0.0001
before,cuda:1,affine/identity,boxes2,0,5,0.0,0.0001
before,cuda:1,affine/identity,boxes2,1,0,0.0,0.0001
before,cuda:1,affine/identity,boxes2,1,1,0.0,0.0001
before,cuda:1,affine/identity,boxes2,1,2,0.0,0.0001
before,cuda:1,affine/identity,boxes2,1,3,0.0,0.0001
before,cuda:1,affine/identity,boxes2,1,4,0.0,0.0001
before,cuda:1,affine/identity,boxes2,1,5,0.0,0.0001
before,cuda:1,affine/translation,boxes1,0,0,0.0,0.0001
before,cuda:1,affine/translation,boxes1,0,1,0.0,0.0001
before,cuda:1,affine/translation,boxes1,0,2,0.0,0.0001
before,cuda:1,affine/translation,boxes1,0,3,0.0,0.0001
before,cuda:1,affine/translation,boxes1,0,4,0.0,0.0001
before,cuda:1,affine/translation,boxes1,0,5,0.0,0.0001
before,cuda:1,affine/translation,boxes1,1,0,0.0,0.0001
before,cuda:1,affine/translation,boxes1,1,1,0.0,0.0001
before,cuda:1,affine/translation,boxes1,1,2,0.0,0.0001
before,cuda:1,affine/translation,boxes1,1,3,0.0,0.0001
before,cuda:1,affine/translation,boxes1,1,4,0.0,0.0001
before,cuda:1,affine/translation,boxes1,1,5,0.0,0.0001
before,cuda:1,affine/translation,boxes2,0,0,0.0,0.0001
before,cuda:1,affine/translation,boxes2,0,1,0.0,0.0001
before,cuda:1,affine/translation,boxes2,0,2,0.0,0.0001
before,cuda:1,affine/translation,boxes2,0,3,0.0,0.0001
before,cuda:1,affine/translation,boxes2,0,4,0.0,0.0001
before,cuda:1,affine/translation,boxes2,0,5,0.0,0.0001
before,cuda:1,affine/translation,boxes2,1,0,0.0,0.0001
before,cuda:1,affine/translation,boxes2,1,1,0.0,0.0001
before,cuda:1,affine/translation,boxes2,1,2,0.0,0.0001
before,cuda:1,affine/translation,boxes2,1,3,0.0,0.0001
before,cuda:1,affine/translation,boxes2,1,4,0.0,0.0001
before,cuda:1,affine/translation,boxes2,1,5,0.0,0.0001
before,cuda:1,affine/rotation,boxes1,0,0,0.0,0.0001
before,cuda:1,affine/rotation,boxes1,0,1,0.0,0.0001
before,cuda:1,affine/rotation,boxes1,0,2,0.0,0.0001
before,cuda:1,affine/rotation,boxes1,0,3,0.0,0.0001
before,cuda:1,affine/rotation,boxes1,0,4,0.0,0.0001
before,cuda:1,affine/rotation,boxes1,0,5,0.0,0.0001
before,cuda:1,affine/rotation,boxes1,1,0,0.0,0.0001
before,cuda:1,affine/rotation,boxes1,1,1,0.0,0.0001
before,cuda:1,affine/rotation,boxes1,1,2,0.0,0.0001
before,cuda:1,affine/rotation,boxes1,1,3,0.0,0.0001
before,cuda:1,affine/rotation,boxes1,1,4,0.0,0.0001
before,cuda:1,affine/rotation,boxes1,1,5,0.0,0.0001
before,cuda:1,affine/rotation,boxes2,0,0,0.0,0.0001
before,cuda:1,affine/rotation,boxes2,0,1,0.0,0.0001
before,cuda:1,affine/rotation,boxes2,0,2,0.0,0.0001
before,cuda:1,affine/rotation,boxes2,0,3,0.0,0.0001
before,cuda:1,affine/rotation,boxes2,0,4,0.0,0.0001
before,cuda:1,affine/rotation,boxes2,0,5,0.0,0.0001
before,cuda:1,affine/rotation,boxes2,1,0,0.0,0.0001
before,cuda:1,affine/rotation,boxes2,1,1,0.0,0.0001
before,cuda:1,affine/rotation,boxes2,1,2,0.0,0.0001
before,cuda:1,affine/rotation,boxes2,1,3,0.0,0.0001
before,cuda:1,affine/rotation,boxes2,1,4,0.0,0.0001
before,cuda:1,affine/rotation,boxes2,1,5,0.0,0.0001
before,cuda:1,affine/scale,boxes1,0,0,0.0,0.0001
before,cuda:1,affine/scale,boxes1,0,1,0.0,0.0001
before,cuda:1,affine/scale,boxes1,0,2,0.0,0.0001
before,cuda:1,affine/scale,boxes1,0,3,0.0,0.0001
before,cuda:1,affine/scale,boxes1,0,4,0.0,0.0001
before,cuda:1,affine/scale,boxes1,0,5,0.0,0.0001
before,cuda:1,affine/scale,boxes1,1,0,0.0,0.0001
before,cuda:1,affine/scale,boxes1,1,1,0.0,0.0001
before,cuda:1,affine/scale,boxes1,1,2,0.0,0.0001
before,cuda:1,affine/scale,boxes1,1,3,0.0,0.0001
before,cuda:1,affine/scale,boxes1,1,4,0.0,0.0001
before,cuda:1,affine/scale,boxes1,1,5,0.0,0.0001
before,cuda:1,affine/scale,boxes2,0,0,0.0,0.0001
before,cuda:1,affine/scale,boxes2,0,1,0.0,0.0001
before,cuda:1,affine/scale,boxes2,0,2,0.0,0.0001
before,cuda:1,affine/scale,boxes2,0,3,0.0,0.0001
before,cuda:1,affine/scale,boxes2,0,4,0.0,0.0001
before,cuda:1,affine/scale,boxes2,0,5,0.0,0.0001
before,cuda:1,affine/scale,boxes2,1,0,0.0,0.0001
before,cuda:1,affine/scale,boxes2,1,1,0.0,0.0001
before,cuda:1,affine/scale,boxes2,1,2,0.0,0.0001
before,cuda:1,affine/scale,boxes2,1,3,0.0,0.0001
before,cuda:1,affine/scale,boxes2,1,4,0.0,0.0001
before,cuda:1,affine/scale,boxes2,1,5,0.0,0.0001
before,cuda:1,affine/shear,boxes1,0,0,0.0,0.0001
before,cuda:1,affine/shear,boxes1,0,1,-8.710553167645685e-09,0.0001
before,cuda:1,affine/shear,boxes1,0,2,-8.710553167645685e-09,0.0001
before,cuda:1,affine/shear,boxes1,0,3,0.0,0.0001
before,cuda:1,affine/shear,boxes1,0,4,0.0,0.0001
before,cuda:1,affine/shear,boxes1,0,5,0.0,0.0001
before,cuda:1,affine/shear,boxes1,1,0,0.0,0.0001
before,cuda:1,affine/shear,boxes1,1,1,-8.710553167645685e-09,0.0001
before,cuda:1,affine/shear,boxes1,1,2,-8.710553167645685e-09,0.0001
before,cuda:1,affine/shear,boxes1,1,3,0.0,0.0001
before,cuda:1,affine/shear,boxes1,1,4,0.0,0.0001
before,cuda:1,affine/shear,boxes1,1,5,0.0,0.0001
before,cuda:1,affine/shear,boxes2,0,0,0.0,0.0001
before,cuda:1,affine/shear,boxes2,0,1,-8.710553167645685e-09,0.0001
before,cuda:1,affine/shear,boxes2,0,2,-8.710553167645685e-09,0.0001
before,cuda:1,affine/shear,boxes2,0,3,0.0,0.0001
before,cuda:1,affine/shear,boxes2,0,4,0.0,0.0001
before,cuda:1,affine/shear,boxes2,0,5,0.0,0.0001
before,cuda:1,affine/shear,boxes2,1,0,0.0,0.0001
before,cuda:1,affine/shear,boxes2,1,1,-8.710553167645685e-09,0.0001
before,cuda:1,affine/shear,boxes2,1,2,-8.710553167645685e-09,0.0001
before,cuda:1,affine/shear,boxes2,1,3,0.0,0.0001
before,cuda:1,affine/shear,boxes2,1,4,0.0,0.0001
before,cuda:1,affine/shear,boxes2,1,5,0.0,0.0001
before,cuda:1,zero/first,boxes1,0,0,0.0,0.0001
before,cuda:1,zero/first,boxes1,0,1,0.0,0.0001
before,cuda:1,zero/first,boxes1,0,2,0.0,0.0001
before,cuda:1,zero/first,boxes1,0,3,0.0,0.0001
before,cuda:1,zero/first,boxes1,0,4,0.0,0.0001
before,cuda:1,zero/first,boxes1,0,5,0.0,0.0001
before,cuda:1,zero/first,boxes2,0,0,0.0,0.0001
before,cuda:1,zero/first,boxes2,0,1,0.0,0.0001
before,cuda:1,zero/first,boxes2,0,2,0.0,0.0001
before,cuda:1,zero/first,boxes2,0,3,0.0,0.0001
before,cuda:1,zero/first,boxes2,0,4,0.0,0.0001
before,cuda:1,zero/first,boxes2,0,5,0.0,0.0001
before,cuda:1,zero/second,boxes1,0,0,0.0,0.0001
before,cuda:1,zero/second,boxes1,0,1,0.0,0.0001
before,cuda:1,zero/second,boxes1,0,2,0.0,0.0001
before,cuda:1,zero/second,boxes1,0,3,0.0,0.0001
before,cuda:1,zero/second,boxes1,0,4,0.0,0.0001
before,cuda:1,zero/second,boxes1,0,5,0.0,0.0001
before,cuda:1,zero/second,boxes2,0,0,0.0,0.0001
before,cuda:1,zero/second,boxes2,0,1,0.0,0.0001
before,cuda:1,zero/second,boxes2,0,2,0.0,0.0001
before,cuda:1,zero/second,boxes2,0,3,0.0,0.0001
before,cuda:1,zero/second,boxes2,0,4,0.0,0.0001
before,cuda:1,zero/second,boxes2,0,5,0.0,0.0001
before,cuda:1,issue1894/batch1,boxes1,0,0,0.0,0.0001
before,cuda:1,issue1894/batch1,boxes1,0,1,0.0,0.0001
before,cuda:1,issue1894/batch1,boxes1,0,2,0.0,0.0001
before,cuda:1,issue1894/batch1,boxes1,0,3,0.0,0.0001
before,cuda:1,issue1894/batch1,boxes1,0,4,0.0,0.0001
before,cuda:1,issue1894/batch1,boxes1,0,5,0.0,0.0001
before,cuda:1,issue1894/batch1,boxes2,0,0,0.0,0.0001
before,cuda:1,issue1894/batch1,boxes2,0,1,0.0,0.0001
before,cuda:1,issue1894/batch1,boxes2,0,2,0.0,0.0001
before,cuda:1,issue1894/batch1,boxes2,0,3,0.0,0.0001
before,cuda:1,issue1894/batch1,boxes2,0,4,0.0,0.0001
before,cuda:1,issue1894/batch1,boxes2,0,5,0.0,0.0001
before,cuda:1,issue1894/batch2,boxes1,0,0,0.0,0.0001
before,cuda:1,issue1894/batch2,boxes1,0,1,0.0,0.0001
before,cuda:1,issue1894/batch2,boxes1,0,2,0.0,0.0001
before,cuda:1,issue1894/batch2,boxes1,0,3,0.0,0.0001
before,cuda:1,issue1894/batch2,boxes1,0,4,0.0,0.0001
before,cuda:1,issue1894/batch2,boxes1,0,5,0.0,0.0001
before,cuda:1,issue1894/batch2,boxes1,1,0,0.0,0.0001
before,cuda:1,issue1894/batch2,boxes1,1,1,0.0,0.0001
before,cuda:1,issue1894/batch2,boxes1,1,2,0.0,0.0001
before,cuda:1,issue1894/batch2,boxes1,1,3,0.0,0.0001
before,cuda:1,issue1894/batch2,boxes1,1,4,0.0,0.0001
before,cuda:1,issue1894/batch2,boxes1,1,5,0.0,0.0001
before,cuda:1,issue1894/batch2,boxes2,0,0,0.0,0.0001
before,cuda:1,issue1894/batch2,boxes2,0,1,0.0,0.0001
before,cuda:1,issue1894/batch2,boxes2,0,2,0.0,0.0001
before,cuda:1,issue1894/batch2,boxes2,0,3,0.0,0.0001
before,cuda:1,issue1894/batch2,boxes2,0,4,0.0,0.0001
before,cuda:1,issue1894/batch2,boxes2,0,5,0.0,0.0001
before,cuda:1,issue1894/batch2,boxes2,1,0,0.0,0.0001
before,cuda:1,issue1894/batch2,boxes2,1,1,0.0,0.0001
before,cuda:1,issue1894/batch2,boxes2,1,2,0.0,0.0001
before,cuda:1,issue1894/batch2,boxes2,1,3,0.0,0.0001
before,cuda:1,issue1894/batch2,boxes2,1,4,0.0,0.0001
before,cuda:1,issue1894/batch2,boxes2,1,5,0.0,0.0001
