case,pairs_checked,main_cpu_max_iou_err,main_cpu_pairs_over_1e-3,main_cuda_max_iou_err,main_cuda_pairs_over_1e-3,pr2059_cuda_max_iou_err,pr2059_cuda_pairs_over_1e-3,new_cpu_max_iou_err,new_cpu_pairs_over_1e-3,new_cuda_max_iou_err,new_cuda_pairs_over_1e-3
rotated_scale_0.01,303,0.008624061354810864,3,0.00862404645364967,3,0.00862404645364967,3,1.6366220689789657e-07,0,1.4558900407468656e-07,0
rotated_scale_1,303,0.02105402785243385,2,0.021054035303014446,2,0.021054035303014446,2,7.318682399004572e-08,0,1.0011738699189365e-07,0
rotated_scale_100,299,0.016248737359706056,2,0.01624879696435083,2,0.01624879696435083,2,1.5639233513775608e-07,0,1.263753852676075e-07,0
grid_axis_aligned,299,6.953875225645945e-08,0,6.953875225645945e-08,0,6.953875225645945e-08,0,6.953875225645945e-08,0,6.953875225645945e-08,0
grid_common_rotation,299,3.635144083524722e-07,0,4.231190531278628e-07,0,4.231190531278628e-07,0,3.1799350641570356e-07,0,3.1799350641570356e-07,0
self_identical,304,0.2534937146807742,8,0.2534937146807742,8,0.2534937146807742,8,2.8886861203059055e-07,0,2.958957379117777e-07,0
self_perturbed_1e-4,344,0.25371710806913306,8,0.25371710806913306,8,0.25371710806913306,8,0.0003459495653913569,0,0.00034577075145703073,0
nested_shared_corner_rotated,285,8.739362866716505e-08,0,1.102746320369441e-07,0,1.102746320369441e-07,0,8.739362866716505e-08,0,9.061424982581556e-08,0
grid_axis_aligned_scale_0.01,7776,inf,7581,inf,7581,inf,7581,2.781550089148155e-07,0,2.5928020896959225e-07,0
grid_common_rotation_scale_0.01,7784,4398046.500000075,7580,inf,7580,inf,7580,5.523468702417489e-07,0,5.70941553146298e-07,0
