case,pairs,main_ms,pr2059_ms,new_ms,new_over_main,new_over_pr2059,main_first_call_mib,pr2059_first_call_mib,new_first_call_mib,new_matches_cpu_1e-5
normal_30x5,150,0.8898,1.0878,0.5650,0.635,0.519,4252,110,94,True
normal_30x10,300,1.0358,1.1718,0.6225,0.601,0.531,4252,126,94,True
normal_30x100,3000,1.2930,2.4433,0.6451,0.499,0.264,4252,348,94,True
normal_100x5,500,1.2076,1.4224,0.6013,0.498,0.423,4252,148,94,True
normal_100x10,1000,1.1501,1.3202,0.6454,0.561,0.489,4252,200,94,True
normal_100x100,10000,1.3146,5.5326,0.6748,0.513,0.122,4252,348,94,True
normal_1x1,1,0.1781,0.1916,0.0996,0.560,0.520,4252,94,94,True
normal_4x4,16,0.7407,0.9444,0.3745,0.506,0.397,4252,114,94,True
normal_8x8,64,0.8354,1.0788,0.5094,0.610,0.472,4252,114,94,True
normal_16x16,256,1.1144,1.2657,0.6468,0.580,0.511,4252,122,94,True
high_overlap_100x100,10000,1.8041,7.9892,0.6935,0.384,0.087,4252,348,94,True
issue1805_1x1,1,,8.5981,0.3872,,0.045,,94,94,True
issue1805_100x100,10000,,44.2198,0.4499,,0.010,,348,94,True
